6957003200;695700320093777245503;Кредитный;042675060;30131880258232619834;2024-05-05 22:57:12.708449;Frozen
6957003200;695700320058027411410;Сберегательный;047799251;30190532113921998980;2024-09-07 02:35:56.890178;Active
6957003200;695700320061086061331;Текущий;041729057;30182078490386976073;2024-10-17 01:18:16.333622;Frozen
3723500355;372350035534861207082;Сберегательный;049345073;30161040216108985072;2023-10-29 04:33:19.394583;Closed
3723500355;372350035571272477553;Сберегательный;048226146;30163923337015331289;2024-04-15 13:42:13.037338;Closed
3723500355;372350035577486778103;Сберегательный;047965914;30138478318122291058;2024-09-28 10:46:52.075720;Active
3723500355;372350035562790651327;Сберегательный;049751624;30116796210644527080;2024-01-29 00:47:30.859819;Closed
3723500355;372350035599643657592;Текущий;048528127;30167299479480299078;2023-12-08 07:26:42.709396;Frozen
3723500355;372350035524599121591;Сберегательный;048966091;30105352752374157070;2024-09-17 09:45:14.314578;Closed
3723500355;372350035579552867294;Текущий;045747172;30161153646025865748;2024-05-05 17:07:12.141217;Active
3723500355;372350035582739418692;Сберегательный;040461092;30123007076130596698;2023-12-12 09:19:27.775698;Closed
3723500355;372350035535907870753;Кредитный;042856153;30191899651318985083;2024-01-08 14:32:28.059455;Active
5287458141;528745814142295829286;Текущий;046956064;30116061713031882263;2024-05-13 20:02:35.593215;Frozen
5287458141;528745814141374680397;Кредитный;045847704;30173917305475250207;2024-06-06 21:49:41.787198;Closed
5287458141;528745814115833401480;Сберегательный;048147086;30104522082111672097;2024-01-22 22:07:44.852806;Closed
5287458141;528745814163067902557;Кредитный;044261948;30185712655688838130;2024-08-08 02:32:20.654001;Closed
5287458141;528745814111260233540;Текущий;047596440;30123545439119530073;2024-06-29 10:08:48.881080;Active
5287458141;528745814138120103112;Сберегательный;042934089;30151460221334776414;2024-02-13 17:09:57.420953;Closed
5287458141;528745814132540598191;Кредитный;042734439;30152779698552416061;2024-05-12 08:40:16.126768;Closed
5287458141;528745814112001908411;Текущий;045298506;30135392717049902568;2024-05-30 10:05:39.958719;Active
5287458141;528745814139056407466;Кредитный;048711968;30151025342105252923;2023-11-30 22:51:02.200570;Frozen
5287458141;528745814118466538128;Текущий;043650622;30114215881055676206;2024-07-12 19:16:47.234698;Active
4094255040;409425504061891299545;Сберегательный;047057489;30175689839747917091;2024-09-05 13:59:10.542639;Closed
4094255040;409425504099359836192;Текущий;048115064;30187991450916116071;2024-04-12 14:29:09.245502;Closed
4094255040;409425504027651360741;Текущий;043891936;30163441206176148053;2024-03-20 16:42:01.342224;Active
4094255040;409425504055630268008;Текущий;041088074;30100226130958178677;2024-06-16 11:21:24.497991;Active
4094255040;409425504021263118277;Кредитный;044766057;30186307931459347066;2024-08-02 11:18:27.214568;Frozen
4094255040;409425504015751786794;Текущий;046194956;30130686470584104085;2024-09-21 16:19:17.860892;Frozen
4094255040;409425504036854363931;Кредитный;040789098;30106202785644924976;2024-03-25 11:55:57.351855;Closed
4094255040;409425504067374421823;Кредитный;046091566;30101076445811270341;2024-03-24 03:24:41.759454;Closed
4094255040;409425504020990329762;Текущий;045710787;30165723173467358592;2024-08-31 23:32:13.296822;Frozen
4094255040;409425504020252677846;Кредитный;040831602;30172744302862419551;2024-06-12 21:06:51.456957;Frozen
3748231669;374823166983344034505;Текущий;044161172;30112999653174074930;2024-04-13 02:26:22.791922;Frozen
3748231669;374823166968084164657;Текущий;046430267;30186314447758136552;2024-09-03 03:17:51.646505;Closed
3748231669;374823166994946043561;Сберегательный;047183211;30169812998099359087;2024-03-19 06:13:32.389978;Active
3748231669;374823166998927507312;Кредитный;042247935;30184299140609032420;2024-09-30 09:19:13.934792;Closed
3748231669;374823166922160113572;Кредитный;042912964;30180924910207111084;2024-09-14 08:23:03.878051;Closed
3748231669;374823166999588729571;Кредитный;049781138;30161685422408339063;2024-02-21 17:33:27.044089;Closed
9692326136;969232613638600734883;Кредитный;047693730;30123930041992620083;2023-12-11 03:44:15.564955;Closed
9692326136;969232613664245363923;Текущий;047733188;30100948269071101827;2023-11-29 08:00:15.698740;Active
2881213797;288121379771685947343;Текущий;041127058;30139462404683164310;2024-09-10 15:53:23.941284;Frozen
2881213797;288121379741551993904;Текущий;047997616;30150979968990896667;2024-06-24 08:59:49.554011;Frozen
2881213797;288121379799334998892;Текущий;042652071;30178769291756025691;2023-12-17 07:35:32.972072;Frozen
2881213797;288121379739772019299;Кредитный;048155302;30191155524800934101;2024-06-19 04:42:03.036206;Active
2881213797;288121379710431469246;Кредитный;049133711;30172110984440318074;2024-08-18 22:56:53.763420;Frozen
2881213797;288121379797996614446;Сберегательный;044779072;30109720134946100099;2024-04-11 04:18:33.429693;Active
2548368374;254836837489809036799;Кредитный;046196855;30151307929252610060;2024-07-21 14:51:42.570672;Active
2548368374;254836837471098718855;Текущий;049677838;30185518514414149086;2024-01-13 15:26:41.391670;Active
2548368374;254836837432889049711;Текущий;043634051;30193073663667768075;2024-03-08 04:15:57.170158;Closed
2548368374;254836837436659082642;Сберегательный;040428068;30151727316643848291;2023-12-22 19:03:27.115811;Frozen
2548368374;254836837420319838213;Текущий;045641055;30165876815513185115;2024-09-14 08:22:14.424956;Active
2548368374;254836837444907069467;Сберегательный;042805687;30102820925325554198;2023-11-20 15:07:34.505502;Active
2548368374;254836837495009462058;Кредитный;049513846;30193548123955453673;2024-10-12 23:54:18.069864;Closed
2548368374;254836837489015875707;Текущий;048827091;30122426308124401065;2024-05-09 03:11:01.704360;Active
2548368374;254836837455153510374;Кредитный;041847646;30166768577312301894;2024-06-24 10:00:16.427659;Closed
2162532806;216253280699991307075;Кредитный;048697675;30160007876185867094;2024-09-03 04:06:01.592104;Closed
2162532806;216253280682677679307;Кредитный;049186737;30175527617420654464;2024-06-24 06:27:47.424148;Active
2162532806;216253280619107541581;Текущий;049211720;30183022505700811056;2024-06-02 07:53:14.973381;Closed
2162532806;216253280648524552825;Кредитный;049727923;30142540139927289335;2024-03-01 07:05:27.866529;Frozen
2162532806;216253280654748868768;Сберегательный;041210062;30171672752114364873;2024-09-20 16:49:55.316213;Frozen
2162532806;216253280631361147058;Кредитный;049316773;30105965479439336087;2023-12-29 21:24:35.761442;Closed
2162532806;216253280648791059129;Кредитный;049067842;30121804135945703081;2024-03-29 00:47:50.576277;Closed
2162532806;216253280686579106332;Текущий;048514072;30159916520656458817;2024-07-23 21:28:34.327921;Active
2162532806;216253280616374000124;Кредитный;043598094;30109565877593429689;2024-07-26 22:30:26.461632;Frozen
2162532806;216253280647177246590;Кредитный;048909087;30195233939908476963;2024-04-23 05:28:41.765556;Active
9767485154;976748515467243546329;Текущий;042264054;30106211969250862066;2024-05-24 19:44:20.209988;Closed
9767485154;976748515436772033893;Кредитный;049547083;30166555001511703817;2024-08-08 04:01:27.635279;Frozen
9317328325;931732832585495901353;Сберегательный;042075195;30154807910123504094;2024-07-01 18:34:15.130491;Closed
9317328325;931732832591301363754;Кредитный;045272059;30108264931896094535;2024-09-16 11:04:53.733382;Active
9317328325;931732832558545330482;Кредитный;046404062;30103127217299738950;2023-12-17 14:55:22.124572;Frozen
6471501427;647150142786636241574;Кредитный;043465824;30137742539098271098;2024-05-20 10:28:40.105578;Active
6471501427;647150142757586609208;Сберегательный;045766384;30125538575666661701;2024-09-17 03:31:04.705310;Frozen
6471501427;647150142750816051135;Сберегательный;046928140;30170537735099293052;2024-09-10 19:36:51.812199;Frozen
6471501427;647150142786445147923;Текущий;048355071;30137791321834078671;2023-11-11 21:17:36.600056;Active
6471501427;647150142743725007555;Текущий;044775591;30183667175377134999;2024-02-25 00:35:30.629370;Closed
6471501427;647150142726969614200;Текущий;042715989;30172684538623960758;2024-05-10 11:52:38.943126;Closed
6471501427;647150142778079115187;Текущий;049353092;30193321193599389068;2024-08-12 15:19:38.513832;Closed
6471501427;647150142769863677027;Сберегательный;045408057;30120506925592198251;2024-01-23 19:39:42.958386;Active
6471501427;647150142725930143184;Кредитный;043735220;30121646989183390637;2024-03-31 01:08:23.621858;Closed
6208985744;620898574475052342583;Кредитный;041414086;30172263193606570851;2023-12-20 10:39:48.578338;Frozen
6208985744;620898574442828139399;Кредитный;041126298;30179526876591050119;2024-05-19 18:15:09.695766;Frozen
6208985744;620898574422205467570;Сберегательный;049144211;30109286082136768260;2023-11-11 23:27:54.783603;Active
8566009839;856600983923783963532;Сберегательный;040793085;30131671402011824084;2024-03-09 15:39:36.917616;Active
9322854086;932285408672786482637;Кредитный;042712059;30114512449701276862;2024-04-27 18:37:44.050343;Active
9322854086;932285408641800457824;Сберегательный;044774193;30111877901813547080;2024-01-22 06:45:00.032575;Active
9322854086;932285408614348791639;Кредитный;045492391;30196641764502822810;2024-01-25 11:08:26.383111;Closed
9322854086;932285408694811784404;Кредитный;042645075;30171460853050386537;2024-09-30 15:51:03.381434;Frozen
9322854086;932285408670545048508;Кредитный;040116655;30166255375076739058;2024-07-05 23:03:06.009451;Frozen
9322854086;932285408639380884527;Сберегательный;040564363;30146768684873867976;2024-07-14 23:40:24.314719;Frozen
9322854086;932285408629365336735;Кредитный;046402495;30162702564059625973;2024-05-28 19:40:27.843641;Frozen
9322854086;932285408634764506201;Кредитный;040497129;30157251989499007086;2024-08-11 22:18:44.599313;Active
9322854086;932285408614279971727;Кредитный;044705051;30120398918511653838;2024-07-12 22:02:12.917721;Active
7493461566;749346156656138497656;Сберегательный;044641264;30193951405704767904;2023-11-25 15:15:18.836465;Active
7493461566;749346156664277779144;Сберегательный;042807316;30175302426227908258;2024-09-13 19:42:58.599825;Closed
7493461566;749346156634696557593;Кредитный;042775083;30197346427028331093;2024-10-15 06:39:55.354308;Active
7493461566;749346156667816337646;Кредитный;045395053;30172333755810292114;2024-01-30 16:54:41.390188;Closed
7493461566;749346156698794864550;Текущий;041423069;30158800932988836810;2023-11-07 04:47:46.227473;Frozen
7493461566;749346156671132127332;Кредитный;047141095;30137034367072335584;2024-02-25 19:42:54.964794;Frozen
7493461566;749346156696046518089;Сберегательный;048973078;30193270395044737577;2024-03-14 02:55:24.767934;Closed
7493461566;749346156663381539837;Кредитный;049934078;30116614369310742774;2024-09-14 20:14:23.521232;Frozen
2168847295;216884729532534361501;Кредитный;047871165;30111186469552387062;2024-08-08 16:30:35.998668;Frozen
2168847295;216884729513508612747;Текущий;047398719;30162308848199858065;2024-07-23 16:19:56.773231;Frozen
2168847295;216884729576094285505;Сберегательный;046902554;30146261219991767235;2024-04-29 12:51:47.326583;Closed
2168847295;216884729575457936819;Сберегательный;042419494;30170409118510762083;2024-03-28 11:36:16.068548;Active
2168847295;216884729577395236997;Сберегательный;047378808;30168316332691532842;2024-07-07 15:02:01.048655;Frozen
2168847295;216884729572607187427;Сберегательный;042523340;30143384791535163262;2023-10-31 02:00:46.399223;Active
8913672194;891367219419786195172;Кредитный;049616897;30119666597713362056;2024-02-21 11:03:51.820303;Closed
8913672194;891367219429168622431;Сберегательный;046803083;30104300842051926761;2024-02-16 08:17:52.250034;Active
8913672194;891367219451375549189;Сберегательный;046571243;30142265486377388068;2024-09-15 14:30:44.322263;Active
8913672194;891367219440505745784;Кредитный;045858335;30143342300921295193;2024-08-26 15:14:05.718112;Active
8913672194;891367219491666593992;Текущий;044245060;30152359587737860061;2024-08-11 16:55:44.304666;Active
5587941065;558794106513474248407;Сберегательный;049866917;30123167618403535938;2024-02-03 17:08:31.362810;Frozen
5587941065;558794106530068917455;Текущий;049986107;30136087401436549058;2024-06-03 01:03:34.384135;Frozen
5587941065;558794106528136269444;Сберегательный;045261489;30103001575261307524;2024-03-10 21:53:27.246980;Active
5587941065;558794106569769258881;Сберегательный;044209182;30110133313923838393;2024-02-11 08:16:12.626422;Active
5587941065;558794106557691099254;Текущий;046864056;30124933806493303079;2023-11-27 12:06:50.311214;Closed
5587941065;558794106566944404014;Кредитный;046861093;30127316138029827616;2023-12-04 02:40:21.378437;Frozen
2253647238;225364723889672312556;Текущий;046627076;30152613059236443075;2024-10-22 06:58:45.466677;Closed
2253647238;225364723814386966099;Сберегательный;045449772;30159840630412257050;2023-12-14 15:59:06.635960;Active
2253647238;225364723887924766296;Текущий;043538050;30102584589469100847;2024-05-23 02:59:47.836058;Frozen
2253647238;225364723851392125883;Текущий;046949075;30109742230755526666;2024-07-23 06:13:40.246894;Frozen
8493478862;849347886297488819388;Кредитный;049457061;30115996227134086894;2024-03-25 03:59:26.345137;Closed
8493478862;849347886269970124450;Текущий;040781097;30188784073293220095;2024-01-01 01:53:09.954653;Active
8493478862;849347886263441017253;Кредитный;049849077;30141995346583819835;2024-08-23 06:27:04.559659;Closed
7990833898;799083389851764405107;Кредитный;046749172;30105603168520086773;2024-02-08 03:12:38.924103;Frozen
7990833898;799083389853216390684;Сберегательный;049878062;30126933365142798725;2024-08-24 07:41:51.733407;Frozen
7990833898;799083389872020631525;Текущий;042203072;30167142302655333260;2024-01-21 20:54:37.409332;Active
7990833898;799083389863555295187;Сберегательный;041845545;30164789604333030055;2024-08-08 21:37:18.405428;Closed
7990833898;799083389886959706119;Текущий;048814071;30112069986343179469;2023-11-27 19:33:54.203966;Closed
7990833898;799083389821879066992;Сберегательный;043434069;30180248875675676199;2024-09-23 09:40:29.729681;Frozen
7990833898;799083389851703671677;Текущий;046555826;30156468547327911651;2024-06-28 01:08:04.958294;Frozen
7990833898;799083389833133768854;Сберегательный;046844984;30147746701693395154;2024-08-02 15:00:54.820956;Closed
7990833898;799083389856338828544;Текущий;041722124;30191857686988487056;2024-01-20 09:19:37.834246;Active
5161470220;516147022068299523826;Сберегательный;046850332;30125286591957561526;2024-10-22 17:16:07.270173;Closed
5161470220;516147022064601354634;Текущий;048771338;30140028806800525876;2024-06-08 08:08:55.708212;Active
5161470220;516147022025508909377;Сберегательный;049729383;30190616326750679338;2024-02-23 12:44:48.836308;Active
5161470220;516147022065270430847;Текущий;040354050;30124952890735656579;2024-09-20 22:51:54.464624;Frozen
5161470220;516147022032578441091;Кредитный;042668543;30196736415491453071;2024-10-16 13:31:42.726504;Active
5161470220;516147022060169542749;Кредитный;043772051;30158649433538395084;2024-05-07 19:06:56.929376;Frozen
5161470220;516147022074810730790;Сберегательный;041004267;30175164875958427389;2024-03-08 04:16:35.324499;Active
5161470220;516147022076363863857;Сберегательный;048421076;30116692477732247074;2023-11-11 20:47:06.375449;Active
5161470220;516147022023295341608;Текущий;046956097;30143991055480093208;2024-08-14 02:28:12.240903;Frozen
4668042587;466804258787394507933;Сберегательный;044264087;30127029556704288077;2023-12-12 07:38:59.842827;Active
4668042587;466804258738593389602;Текущий;043269971;30159417269700056091;2023-12-03 03:48:02.002476;Frozen
4668042587;466804258731413757474;Текущий;049238792;30187619220226905071;2024-08-08 21:30:59.691635;Active
4668042587;466804258765736263238;Текущий;046773204;30152700716961137687;2024-05-24 18:30:11.729605;Frozen
4668042587;466804258778332199714;Сберегательный;045429057;30112966596307763930;2024-06-12 18:09:00.558618;Frozen
4668042587;466804258771810261419;Кредитный;044775941;30128923603224583413;2024-06-16 16:04:53.596247;Frozen
4668042587;466804258779111090999;Сберегательный;047096850;30151581784037629747;2024-07-30 02:31:11.482618;Active
4668042587;466804258770605132309;Текущий;045729480;30194607037806140090;2023-11-03 01:03:19.765396;Frozen
6117292362;611729236292848920230;Кредитный;043855063;30153577149043749414;2023-12-20 10:50:06.048748;Frozen
6117292362;611729236248631888833;Сберегательный;045072064;30132910641677993345;2024-02-23 04:49:10.767563;Closed
6792001717;679200171772542135522;Кредитный;043782097;30181135369519430519;2023-11-02 07:32:37.476445;Active
6792001717;679200171714086460553;Текущий;044776920;30198782402346743877;2024-07-03 20:04:30.099003;Frozen
6792001717;679200171772392881285;Сберегательный;046510055;30144011953041885089;2024-06-23 08:49:34.263783;Frozen
6792001717;679200171798336090892;Кредитный;042274635;30135759618482476108;2024-05-19 22:16:24.157736;Closed
6174282074;617428207418730858887;Кредитный;044961715;30127363121596777068;2024-05-30 08:31:49.436174;Closed
6174282074;617428207485708796426;Сберегательный;047614847;30178726241742759086;2023-11-11 22:10:45.086258;Closed
6174282074;617428207468638736737;Сберегательный;042461087;30133426746844693248;2024-01-16 10:23:24.365366;Active
6174282074;617428207426151228977;Сберегательный;043006076;30145767360469668274;2023-11-06 23:43:48.259617;Frozen
6174282074;617428207472556778237;Текущий;043424051;30198940044024141596;2024-01-01 23:27:06.172182;Closed
8395299533;839529953399269039141;Кредитный;044240722;30195422370563401712;2024-06-13 10:36:41.956155;Closed
8395299533;839529953318073832874;Кредитный;046016074;30159546316855486545;2023-12-26 05:20:45.292687;Frozen
8395299533;839529953399758099634;Текущий;046855182;30115449527603491094;2024-07-06 06:20:44.970406;Frozen
8395299533;839529953396371006686;Сберегательный;048925171;30170817644267677275;2024-02-07 17:19:46.278118;Active
8395299533;839529953391735837883;Сберегательный;042285253;30106449657518839544;2023-10-26 19:42:47.303868;Active
8395299533;839529953333904159689;Текущий;048085067;30149674294671193256;2024-08-28 14:02:14.986564;Frozen
8395299533;839529953370157651541;Текущий;047118482;30134542410061695459;2024-03-29 00:10:22.396836;Closed
8395299533;839529953397613406195;Сберегательный;042531583;30144221832218617770;2024-01-07 10:23:38.052796;Frozen
8395299533;839529953322555622167;Кредитный;041789392;30186814398436722059;2023-12-17 17:52:00.646965;Frozen
4712644062;471264406269359058052;Кредитный;048184096;30101738153233245063;2024-01-07 08:15:34.456852;Frozen
4712644062;471264406253458434003;Сберегательный;046081915;30118413037576683125;2023-12-06 09:23:52.808120;Frozen
4712644062;471264406274194564674;Текущий;047033364;30177717086729766064;2024-03-09 16:24:32.114964;Active
4712644062;471264406236093072933;Текущий;049893070;30190736520762169980;2024-08-24 05:26:14.038083;Closed
7796380974;779638097457443802955;Кредитный;040378547;30176549719523974074;2023-12-10 05:25:54.103398;Closed
7796380974;779638097490223084074;Текущий;048121376;30186321518259420102;2024-10-04 05:19:21.200885;Closed
7796380974;779638097423196992031;Кредитный;040835590;30151438065385094095;2024-09-29 15:06:26.743125;Closed
7796380974;779638097490208622527;Сберегательный;046557786;30171812304000423072;2024-05-22 23:14:01.270279;Active
7796380974;779638097433803897423;Текущий;045096945;30176320803392519540;2024-08-27 07:59:26.030205;Active
7796380974;779638097491859619978;Текущий;040504308;30144914222330084541;2024-04-18 07:57:55.627796;Frozen
1742710645;174271064589987873063;Кредитный;049619071;30178268615587909598;2024-01-19 19:12:37.619294;Frozen
1742710645;174271064535952238989;Текущий;045222085;30149272356828533876;2024-03-15 17:59:14.262473;Closed
1742710645;174271064591782309372;Кредитный;044207077;30151519382292769506;2024-01-05 08:20:55.121034;Closed
1742710645;174271064570031223230;Кредитный;049722161;30163005038919377988;2023-11-13 04:54:52.485232;Frozen
1742710645;174271064598718410657;Сберегательный;045289449;30144853557244840077;2023-11-21 02:31:38.648247;Closed
1742710645;174271064574649425141;Кредитный;042083094;30183096282526579595;2024-02-05 06:49:45.002702;Closed
1742710645;174271064550097517325;Текущий;049514085;30133900072347163050;2024-07-29 00:33:59.889993;Frozen
1742710645;174271064568302629393;Текущий;040154626;30106955343244039083;2023-11-05 13:48:31.439725;Closed
9782466795;978246679555473462226;Текущий;047788082;30174053766182935058;2024-04-15 21:01:54.922080;Closed
9782466795;978246679575605420875;Текущий;045268218;30181553516168806136;2023-11-30 20:45:23.131867;Active
9782466795;978246679512543174381;Сберегательный;042478867;30196746834538209556;2024-03-01 06:51:13.050628;Closed
2819908716;281990871657390744517;Текущий;045787346;30173357827438586332;2024-10-22 17:16:58.035967;Closed
2819908716;281990871657742590080;Кредитный;049347532;30120115101235559783;2024-03-03 02:59:19.944706;Frozen
2819908716;281990871618879382965;Текущий;041253075;30139317067014310367;2024-04-03 07:03:16.720001;Closed
2819908716;281990871670729104052;Текущий;042782567;30166792225051415948;2024-01-06 15:00:40.656239;Closed
2819908716;281990871689219981839;Кредитный;045879096;30127239053390451741;2023-11-30 07:07:26.398600;Frozen
2593770627;259377062771260709612;Сберегательный;047847403;30192012319693352207;2024-06-14 06:38:24.653660;Frozen
3201506471;320150647149750306787;Кредитный;041269380;30101554777502040074;2024-08-24 18:59:21.343865;Active
3201506471;320150647123210878026;Кредитный;049545832;30157366658213425129;2024-10-14 06:58:04.412550;Closed
3201506471;320150647112078674672;Сберегательный;040351342;30108676966954984053;2024-04-03 00:44:22.490002;Closed
5409031861;540903186195283726420;Кредитный;048912062;30170773249625945408;2024-09-08 12:08:30.182868;Closed
5409031861;540903186146845743606;Кредитный;046914489;30145683786668837409;2023-12-10 22:09:46.535310;Frozen
5409031861;540903186145832864224;Текущий;049751053;30171531142258900128;2024-04-28 11:01:29.612912;Frozen
5409031861;540903186190491291573;Сберегательный;045241383;30138674884354189065;2024-09-30 21:06:49.356336;Closed
5409031861;540903186186437927161;Кредитный;041750661;30117177286466264501;2024-05-25 13:28:36.070686;Active
5409031861;540903186192580994272;Кредитный;045379675;30150142860934216482;2024-05-22 16:53:41.453975;Active
5409031861;540903186174070956619;Сберегательный;045740084;30160307800904913069;2023-10-24 01:07:36.285133;Active
5409031861;540903186135053888810;Кредитный;040742304;30120433779010840696;2024-01-13 03:01:01.173766;Closed
5409031861;540903186139464372498;Кредитный;041269078;30114887976239507928;2024-01-25 05:53:28.925055;Active
4355059414;435505941453013673333;Текущий;049760074;30166382364029425810;2024-10-15 06:21:27.874496;Active
4355059414;435505941444597087938;Кредитный;049054790;30131940169775149080;2024-06-19 08:59:21.648357;Active
4355059414;435505941437463920881;Сберегательный;043302336;30160207289346608583;2023-11-07 06:55:04.464692;Closed
4355059414;435505941466021289433;Текущий;046872396;30159566248396099055;2024-06-25 04:51:27.824514;Closed
4355059414;435505941451076135201;Кредитный;041777741;30168996432603148066;2024-01-07 08:44:28.695187;Frozen
4355059414;435505941489274702380;Сберегательный;043272610;30177903314009624964;2024-02-27 04:19:55.858982;Frozen
4355059414;435505941454568432403;Текущий;041210092;30124473527068963431;2023-11-07 12:20:59.420394;Frozen
4355059414;435505941435126385328;Сберегательный;048382995;30143538973897671488;2024-05-24 21:43:06.925602;Closed
4355059414;435505941465987921656;Сберегательный;049273061;30171578037273677083;2024-10-05 14:09:33.468085;Active
4355059414;435505941417744469530;Сберегательный;046467084;30197634500946476576;2023-12-31 14:05:00.588721;Active
4247621411;424762141116321440699;Сберегательный;043360868;30164141305837920615;2023-11-04 01:57:31.285724;Frozen
4247621411;424762141130086049658;Сберегательный;044661567;30114834182226900984;2024-01-13 02:21:11.283964;Frozen
4247621411;424762141138876796755;Текущий;048239065;30125790214549354749;2023-10-29 18:31:07.652501;Active
4247621411;424762141188902711850;Сберегательный;046110070;30136592846577257089;2023-10-29 18:15:48.731822;Active
4247621411;424762141135715283454;Кредитный;049204807;30134910520464615564;2024-03-18 18:24:58.880081;Frozen
4247621411;424762141149039124120;Кредитный;040729531;30194759726830641725;2024-02-27 18:30:44.688436;Closed
4247621411;424762141164404883846;Кредитный;047559123;30184723817486518444;2023-11-07 02:51:06.621467;Closed
3195567125;319556712573413858545;Сберегательный;048723471;30199066358860371064;2024-04-24 11:49:25.196795;Active
2652775848;265277584888929469635;Сберегательный;040167242;30147049237177856989;2023-12-19 16:02:26.846206;Active
2652775848;265277584863102146625;Текущий;046571622;30137252148367604834;2024-04-02 01:41:18.991063;Frozen
2652775848;265277584866361671311;Кредитный;041728852;30188380338320393396;2024-10-06 20:42:07.014517;Frozen
9588376055;958837605585651283282;Кредитный;044231954;30182440356980295594;2024-02-19 09:45:20.360084;Frozen
9588376055;958837605581490940163;Кредитный;049297242;30124692089214508281;2024-10-17 03:26:34.320821;Active
9588376055;958837605579104029839;Текущий;049644458;30146098896816836054;2023-12-25 06:35:08.416140;Closed
9588376055;958837605559056878139;Кредитный;046704782;30111452847709760162;2023-11-06 21:37:45.904832;Frozen
9588376055;958837605519593221023;Кредитный;047850300;30108449758985739096;2024-09-06 11:14:19.955042;Frozen
9588376055;958837605557116591558;Текущий;048814605;30152696152677301757;2024-01-31 06:07:50.443012;Active
9588376055;958837605541662433328;Сберегательный;041062088;30107058954335106355;2024-07-31 12:48:03.529704;Active
9588376055;958837605570127028858;Кредитный;041944074;30123415628206114134;2024-03-26 18:16:34.663332;Frozen
5094327469;509432746967435455422;Текущий;041045071;30165962557838490892;2024-05-11 11:11:23.735694;Frozen
5094327469;509432746920438077426;Сберегательный;042920076;30194727220480983055;2024-08-26 04:53:39.782301;Frozen
4252957487;425295748784912624251;Сберегательный;043899499;30195861829301186085;2024-09-23 07:36:06.156020;Closed
4252957487;425295748778742677085;Сберегательный;047963724;30151387631406392755;2023-10-25 02:45:55.960542;Closed
4252957487;425295748797725958918;Сберегательный;040107074;30139845131026848990;2023-11-20 02:51:45.865655;Closed
4252957487;425295748711945160041;Сберегательный;047140667;30117507553470438102;2024-03-27 16:06:40.207750;Active
4252957487;425295748780338490306;Сберегательный;040517062;30140362037848130080;2024-07-22 16:07:51.135728;Frozen
4252957487;425295748742766515595;Сберегательный;047532090;30170282609528225063;2024-05-07 01:25:19.685416;Active
3504311925;350431192589159562589;Кредитный;049292287;30133221039294683658;2024-04-19 15:38:08.204462;Active
3504311925;350431192511598584067;Текущий;049812459;30173999101233231052;2024-05-31 13:21:07.811364;Frozen
3504311925;350431192546774200256;Текущий;047934098;30121371002316422630;2024-01-24 00:31:14.020967;Closed
3504311925;350431192562075531705;Кредитный;044052991;30199100582737220777;2024-04-02 10:50:39.658390;Active
3504311925;350431192563999275774;Текущий;040415365;30125271783982797736;2024-01-01 21:09:57.843523;Closed
3504311925;350431192577595555046;Сберегательный;047029584;30147272933912534954;2024-08-30 23:31:24.562551;Frozen
6921502712;692150271211293640748;Сберегательный;040327711;30158181374421799589;2023-12-01 17:54:29.925580;Closed
6921502712;692150271278723898311;Кредитный;049816342;30187864081586967064;2024-10-02 13:28:14.399385;Closed
6921502712;692150271222510377979;Текущий;040173054;30145713436333684955;2024-06-29 04:42:24.545555;Active
6921502712;692150271274014569403;Кредитный;045645789;30132731176728160088;2024-06-27 13:44:03.910847;Closed
6921502712;692150271233638571780;Сберегательный;046922624;30163065009912978063;2024-07-25 20:04:30.675490;Frozen
6921502712;692150271219425967578;Сберегательный;042896231;30107989574925179094;2024-10-11 03:28:39.564360;Frozen
6921502712;692150271296873548793;Кредитный;047949284;30134343582976746950;2024-10-16 02:08:24.702624;Active
6921502712;692150271297684948969;Текущий;042832061;30102900642730194064;2024-03-03 17:29:52.664658;Frozen
5401751080;540175108079579581619;Текущий;045605080;30149370463512523610;2024-01-15 01:10:01.866539;Frozen
5401751080;540175108049721644826;Сберегательный;047500320;30185916902161129072;2024-07-10 04:08:41.792524;Closed
5401751080;540175108063912458699;Сберегательный;046116150;30103168693521951062;2024-07-22 21:01:11.795688;Active
5401751080;540175108026521537782;Текущий;043753818;30141600738019025884;2023-10-30 01:20:37.349538;Frozen
5401751080;540175108099966660418;Сберегательный;044181063;30193278063965165934;2023-12-19 05:38:59.311428;Active
5401751080;540175108047933161749;Кредитный;044585051;30163875385706079078;2023-12-05 23:31:04.099272;Active
5401751080;540175108045200148690;Сберегательный;049877722;30110308849778645386;2024-06-02 16:24:34.606824;Frozen
5401751080;540175108099187520151;Сберегательный;048225081;30113661916688270597;2023-10-24 03:41:52.023433;Active
5401751080;540175108043398665844;Сберегательный;045408462;30187696197928832069;2024-01-30 21:29:26.766121;Active
5401751080;540175108060614322180;Кредитный;041786098;30149864413079894689;2024-05-23 13:20:35.423707;Closed
7086437539;708643753934725763887;Кредитный;048163066;30129726873175193454;2024-08-13 16:30:05.131906;Closed
7086437539;708643753919333279539;Сберегательный;048825331;30171556282672961225;2024-09-22 15:03:14.885110;Closed
2893934350;289393435063537775132;Текущий;048156819;30180551439933662149;2024-03-07 13:53:55.623338;Active
2171518911;217151891193482467336;Текущий;046554089;30187247870884812081;2024-08-14 10:37:03.292005;Active
2171518911;217151891199087640712;Текущий;049962593;30194927666506530577;2024-08-15 21:20:21.830939;Frozen
2171518911;217151891187983173345;Текущий;046125067;30193987251796967587;2024-05-03 12:22:01.321041;Active
2171518911;217151891139062921592;Сберегательный;040316763;30124334510547876064;2023-10-31 02:40:45.526938;Active
2171518911;217151891132531840677;Сберегательный;043669824;30172136065163969309;2024-07-16 03:39:15.349362;Closed
4651914979;465191497945800390141;Текущий;046758054;30128997434175762784;2024-06-23 06:52:00.341951;Frozen
4651914979;465191497997300280051;Кредитный;045896175;30180637513887599081;2024-01-08 23:46:01.261863;Closed
4651914979;465191497981610437447;Кредитный;040370640;30191395890378679052;2024-05-25 18:55:14.184161;Closed
4651914979;465191497946090506361;Текущий;045687220;30118647073245481145;2024-01-27 08:26:30.977993;Frozen
4651914979;465191497925072632280;Текущий;042668777;30126256056391341086;2023-12-24 07:52:10.504404;Active
4651914979;465191497921222690146;Кредитный;043046078;30141266548113357052;2024-10-22 10:46:10.002210;Closed
4651914979;465191497967385410222;Кредитный;042975849;30185461262297791083;2024-08-14 12:02:01.515259;Active
4651914979;465191497998092536384;Текущий;046043646;30164484610871625611;2024-07-08 09:26:10.333668;Frozen
4651914979;465191497955979867557;Сберегательный;048313258;30172116204615594511;2023-11-03 12:17:25.603344;Closed
4651914979;465191497958350262840;Текущий;047363968;30108948729208415108;2023-10-29 14:20:39.936591;Active
3668572261;366857226133933977124;Кредитный;043579090;30143029617731186089;2024-09-02 14:50:55.097379;Frozen
3668572261;366857226167224189820;Текущий;045339064;30187519141598342526;2023-10-26 07:35:03.673265;Active
3668572261;366857226178883678055;Текущий;046586912;30111181265523444058;2024-04-17 06:02:58.550757;Active
3668572261;366857226112508296532;Кредитный;049850060;30135984850938550059;2023-12-14 20:08:25.987167;Closed
3668572261;366857226115712393805;Сберегательный;047742259;30152328396552857086;2024-03-05 20:45:44.134321;Closed
3668572261;366857226175618617866;Сберегательный;049968304;30100176797941232492;2023-12-02 20:19:16.189220;Frozen
3668572261;366857226171785119107;Сберегательный;043859800;30153999960648902511;2024-05-29 18:06:26.153636;Frozen
3668572261;366857226172263629755;Сберегательный;045603081;30171378957701200131;2024-05-06 06:27:56.570962;Closed
3668572261;366857226174364312184;Сберегательный;048477810;30155904826791519085;2024-05-28 17:13:25.054742;Frozen
3668572261;366857226162725766507;Кредитный;046158627;30143111009998836625;2024-01-19 23:41:34.026145;Frozen
6376013909;637601390984171383232;Текущий;042973389;30161596067461104966;2024-02-23 10:48:38.402266;Closed
6376013909;637601390950967810269;Текущий;049336841;30142346635375909746;2024-01-17 16:50:16.804786;Closed
6376013909;637601390971402101472;Текущий;049490276;30148387980061235169;2024-06-25 06:36:48.031843;Closed
6376013909;637601390946944483259;Текущий;047336594;30145709324668746084;2023-12-05 17:32:57.493282;Active
6376013909;637601390953593348756;Текущий;043470054;30156777003614949053;2023-12-06 03:11:50.724808;Closed
6376013909;637601390961010338491;Сберегательный;043860213;30107735194260261066;2023-11-01 03:19:41.010541;Closed
6376013909;637601390963887292628;Текущий;049726075;30146056602689147069;2024-10-18 17:15:46.267089;Active
6376013909;637601390942012636554;Сберегательный;043013064;30198517001739101084;2024-08-25 08:14:03.255286;Active
6376013909;637601390919330933308;Текущий;044489830;30184697270400901089;2024-02-12 08:25:59.449638;Frozen
6376013909;637601390939692682921;Сберегательный;046777329;30139716858905234763;2024-01-04 18:34:22.418009;Closed
6540381047;654038104767636790819;Текущий;042540524;30111318755717531069;2024-05-14 01:32:53.197667;Active
6540381047;654038104715489330872;Текущий;043053815;30153731095430599648;2024-01-28 08:05:57.182223;Frozen
6540381047;654038104716271881746;Сберегательный;043692059;30127233810912157914;2024-01-12 11:01:31.782384;Closed
6540381047;654038104713216936915;Сберегательный;042458798;30138020131143151989;2024-03-26 20:37:47.120323;Active
4421719971;442171997169495391347;Текущий;042202077;30196525826555889658;2024-03-17 04:58:51.881574;Frozen
4421719971;442171997185342959285;Сберегательный;041975758;30153115358786040061;2024-02-29 01:01:01.823535;Closed
4421719971;442171997180891074423;Сберегательный;045634065;30126635476991096332;2024-05-21 06:29:11.768948;Frozen
4421719971;442171997149434779085;Сберегательный;044244088;30107712521097995097;2024-01-31 18:24:13.544897;Active
4421719971;442171997142715395681;Сберегательный;043798086;30199393537438040464;2023-12-27 08:01:58.367292;Closed
4421719971;442171997174076483164;Кредитный;047913516;30115884968531673095;2024-01-22 23:53:30.231882;Closed
4421719971;442171997114879985190;Текущий;041039174;30127569481931073342;2024-08-29 03:42:47.761432;Active
4421719971;442171997157954033334;Сберегательный;042022385;30133789433068219240;2023-10-24 00:14:21.776243;Frozen
3354062626;335406262681649940293;Сберегательный;045064908;30143881169756404663;2023-11-26 00:54:32.217488;Closed
3354062626;335406262657602404456;Сберегательный;048399128;30170582258961602807;2024-10-11 05:29:14.082850;Frozen
3354062626;335406262689477301219;Кредитный;049034064;30197711367816150196;2024-09-11 19:01:37.865627;Active
3354062626;335406262672780225201;Текущий;040331863;30146005462307603786;2024-01-31 20:09:02.930171;Active
3354062626;335406262684339286446;Кредитный;047148885;30160280617222217081;2024-06-21 07:44:00.701429;Active
3354062626;335406262691423506287;Сберегательный;046433619;30131446306650254489;2024-05-29 11:57:56.185886;Closed
3354062626;335406262611645867650;Сберегательный;041720781;30177980635083308061;2024-03-04 05:18:12.242262;Frozen
2828132216;282813221613823780904;Текущий;049504353;30176998425643884859;2023-11-04 09:44:20.539732;Active
2828132216;282813221663124730465;Кредитный;043520712;30160086958559487055;2023-10-25 17:22:39.494326;Active
2828132216;282813221654579262208;Сберегательный;040727786;30132943681291764272;2024-07-26 17:10:21.675497;Closed
2828132216;282813221685839020166;Кредитный;047379627;30197580504422190211;2023-12-01 05:59:29.577616;Closed
2828132216;282813221624472895206;Сберегательный;044706064;30137821179278697621;2024-10-04 20:43:06.666225;Closed
2828132216;282813221682057254270;Кредитный;046013562;30122767198445042075;2023-12-15 08:05:18.698934;Closed
2828132216;282813221680616881585;Кредитный;043730299;30108205113840637224;2024-01-22 07:12:45.972809;Closed
4970710649;497071064969749858467;Кредитный;042485093;30172448453228200084;2024-05-23 17:53:24.045388;Closed
4970710649;497071064919650509696;Кредитный;043420082;30144924465659417656;2023-12-19 20:48:13.066127;Active
4970710649;497071064988174549064;Текущий;040382082;30144052656218100691;2024-06-03 21:11:09.404625;Frozen
4970710649;497071064970575344885;Кредитный;044506852;30190420108783352083;2024-02-24 22:29:41.707604;Active
4970710649;497071064926282671419;Кредитный;041198084;30137989757867525611;2024-06-06 16:25:35.481141;Closed
4970710649;497071064973605364031;Текущий;047796599;30137769151961116134;2024-03-10 19:32:04.086061;Active
4970710649;497071064977823592943;Кредитный;045847311;30195098632218337088;2024-09-29 15:01:26.363605;Closed
9950265508;995026550878879974454;Кредитный;049417069;30155383523925386331;2024-04-28 11:48:17.432464;Active
9950265508;995026550885394483334;Текущий;045324652;30154469916700237070;2023-11-30 16:30:19.999750;Frozen
9950265508;995026550861638256025;Кредитный;043022652;30136677266934337057;2024-06-02 16:02:03.766088;Closed
9950265508;995026550840784207902;Сберегательный;045646177;30142068578851156783;2023-12-05 00:44:19.623082;Closed
3967935878;396793587876104441412;Текущий;043278086;30145239829362479065;2024-03-15 20:57:07.865992;Frozen
3967935878;396793587819663301937;Текущий;046347382;30186664784737995793;2024-02-25 09:33:55.360042;Active
3967935878;396793587889399303077;Сберегательный;046112102;30134790139711298069;2023-11-08 07:10:18.090542;Frozen
3967935878;396793587886018189063;Сберегательный;043495666;30110292843543297065;2024-05-19 19:28:47.339233;Active
3967935878;396793587843281404669;Кредитный;041761406;30121962364920946068;2024-05-29 23:01:37.158487;Frozen
3967935878;396793587891640373867;Кредитный;042767219;30195848928158080623;2024-01-14 03:11:37.489501;Frozen
3967935878;396793587875576918770;Сберегательный;045600080;30191640003030430064;2023-10-30 06:13:50.559098;Active
8230025082;823002508245577279323;Кредитный;046809989;30108872967473576586;2023-12-04 22:32:32.228518;Frozen
8230025082;823002508272802785824;Текущий;044254057;30125512107188010874;2024-04-27 17:21:47.132618;Frozen
8230025082;823002508214840761741;Кредитный;049549347;30164462605591454077;2024-02-25 09:43:01.110029;Active
8230025082;823002508235649759355;Кредитный;043261493;30171603282680696085;2024-09-03 02:41:02.833358;Frozen
8230025082;823002508233981332093;Кредитный;049039145;30132825878190000062;2024-02-13 20:33:54.172415;Closed
8230025082;823002508289326771726;Текущий;048867884;30112581946650181359;2024-04-06 22:26:44.861478;Active
5729267508;572926750823655398391;Текущий;043758437;30115841202328855682;2024-05-18 21:58:31.310005;Active
5729267508;572926750846999309287;Сберегательный;045039560;30111593409145486087;2024-04-03 19:43:40.832177;Frozen
8229033415;822903341586338069597;Сберегательный;049123383;30168221790299622124;2024-07-23 10:22:04.459193;Active
8229033415;822903341543642752357;Кредитный;049330144;30135237293485747076;2023-12-19 16:19:23.145835;Active
8229033415;822903341522386775149;Кредитный;049125966;30178730829418553908;2024-02-01 10:46:40.206434;Active
8229033415;822903341591768914405;Текущий;048127144;30182516720245703056;2024-02-13 02:32:32.090292;Closed
8229033415;822903341537393997906;Текущий;048735071;30123730389491853490;2023-12-30 07:21:46.391665;Closed
8229033415;822903341538606573575;Кредитный;041420050;30146283257601744085;2024-09-09 21:00:36.020681;Active
8229033415;822903341556509413166;Кредитный;045298656;30106703439334443397;2024-01-02 15:20:59.641315;Active
8229033415;822903341539156302614;Сберегательный;040474657;30191997677971652800;2023-12-04 10:44:33.862269;Closed
8229033415;822903341563801531315;Текущий;048182350;30153716105270991871;2024-07-09 18:48:01.118745;Frozen
8229033415;822903341525456721561;Текущий;049205088;30172754257255698516;2024-01-30 02:56:34.780822;Closed
4704356995;470435699555190316027;Кредитный;049209192;30171158239536151088;2024-04-11 11:16:07.340558;Frozen
4704356995;470435699541030840823;Кредитный;046044077;30144384722452537086;2024-01-13 21:29:49.103823;Closed
4704356995;470435699524292066057;Кредитный;047929556;30168121547704918122;2024-07-05 10:51:29.926791;Frozen
4704356995;470435699583378846374;Кредитный;041429308;30173131100293338790;2024-04-06 02:07:57.251858;Closed
4704356995;470435699543039728661;Кредитный;042907074;30170363834822781884;2024-03-08 08:34:10.095999;Closed
9169745622;916974562227742849108;Сберегательный;041500831;30178848344259841901;2024-09-22 20:20:05.981648;Frozen
7999528519;799952851991258896713;Кредитный;045237660;30117697165619795632;2024-01-22 21:00:44.868164;Closed
7999528519;799952851942920471725;Сберегательный;049591856;30139042917929596644;2024-04-21 11:41:39.014654;Active
7999528519;799952851989972163711;Сберегательный;047857157;30142256262225631776;2024-10-22 06:07:59.876594;Frozen
7999528519;799952851965428203798;Сберегательный;043388093;30153960777931076164;2024-01-23 22:24:52.326787;Closed
8119119837;811911983783848507016;Кредитный;043699878;30164610411794784747;2024-09-07 12:26:39.646142;Closed
8119119837;811911983724739330192;Текущий;043446985;30120826496388232095;2024-01-27 14:10:30.029247;Closed
8119119837;811911983792106286125;Текущий;044706286;30100987461993706601;2023-11-03 03:09:30.906013;Active
8119119837;811911983743649462280;Кредитный;042908089;30130351875420284051;2024-03-10 07:33:08.027036;Closed
8119119837;811911983753344612397;Кредитный;042898057;30125210255512171329;2024-03-17 09:53:22.432550;Frozen
8119119837;811911983788537071844;Сберегательный;047038621;30188040926618857520;2023-12-30 02:57:56.350104;Frozen
8119119837;811911983735733616797;Текущий;049816341;30172662794616419966;2024-07-06 09:43:44.251023;Frozen
2480164970;248016497087713694786;Текущий;043703218;30118832896455137765;2024-01-09 03:05:24.813908;Frozen
2480164970;248016497026066834302;Сберегательный;048872099;30109641263471468274;2024-01-24 11:05:27.379983;Frozen
2480164970;248016497050531808946;Кредитный;046437642;30161459808591081193;2024-02-10 04:28:03.916000;Frozen
2480164970;248016497061245846792;Кредитный;040352366;30166017972368122093;2024-06-29 07:28:01.542691;Frozen
2480164970;248016497039316484381;Текущий;044694079;30179827590495527106;2023-10-24 01:54:35.138440;Frozen
2480164970;248016497074252677408;Кредитный;045045068;30139551205143898081;2023-11-19 18:56:25.962204;Closed
2480164970;248016497085172336864;Кредитный;042079051;30144063664572455784;2024-03-13 21:48:24.953876;Closed
3670411147;367041114779681781650;Кредитный;042794072;30130557985361437990;2024-10-13 00:53:04.689436;Frozen
3670411147;367041114717485167164;Сберегательный;046768055;30110673592865791050;2023-11-25 20:42:25.837222;Closed
3670411147;367041114746185362239;Текущий;040131331;30185913805205238079;2024-10-20 03:19:06.454509;Active
3670411147;367041114750876256423;Кредитный;043732169;30141897885458291632;2024-09-27 23:19:06.362565;Frozen
3670411147;367041114715331293896;Кредитный;042898677;30182351482259818056;2024-08-10 02:18:03.246547;Closed
3670411147;367041114756860212330;Текущий;043605069;30101684350321533089;2023-11-14 08:50:32.767986;Frozen
3670411147;367041114771398379002;Сберегательный;049495886;30113973821614738763;2024-09-22 14:18:08.268975;Closed
3670411147;367041114723502717744;Текущий;047991757;30191766426020889077;2023-12-10 12:27:26.258698;Active
3670411147;367041114768182365119;Сберегательный;041273052;30196650363760403452;2024-02-16 16:48:26.480257;Frozen
9399626036;939962603694544665868;Кредитный;046195832;30184791512222083929;2024-09-08 00:16:49.271650;Closed
9399626036;939962603617354597980;Текущий;048290053;30156058322176149758;2024-09-20 14:00:19.655674;Closed
9399626036;939962603633012163128;Кредитный;044283062;30137895371169697669;2023-12-08 10:00:33.801834;Active
9399626036;939962603685782741459;Кредитный;049535741;30199959111923974957;2024-04-17 10:37:54.124230;Frozen
9399626036;939962603660492865817;Сберегательный;042881096;30120105206930932065;2024-04-07 13:46:14.536263;Frozen
9399626036;939962603696308417190;Текущий;047635086;30174621997321607856;2024-08-19 01:16:06.456138;Closed
9399626036;939962603637427220249;Кредитный;047652493;30103984628015371961;2023-12-02 22:30:29.545899;Closed
5911031373;591103137336016454195;Сберегательный;044621094;30159208276053918480;2024-04-09 18:28:59.968778;Closed
5911031373;591103137375672521486;Кредитный;049229087;30147816959237340078;2024-02-27 06:55:42.456792;Active
5911031373;591103137398172785739;Кредитный;048724072;30169902606237878507;2024-01-23 01:40:50.678895;Closed
5911031373;591103137313862676596;Сберегательный;045881615;30193133462877155821;2024-04-03 02:38:49.116743;Frozen
5911031373;591103137377532129968;Текущий;047354068;30136078343482806483;2024-07-15 23:02:11.160138;Frozen
5911031373;591103137337157406723;Текущий;046054971;30178277882415247291;2024-09-22 04:41:37.511195;Closed
5911031373;591103137395692289478;Кредитный;041246484;30165889434688852844;2024-10-08 23:52:33.351053;Active
5911031373;591103137374377985334;Сберегательный;048315820;30139415273985214620;2024-06-11 05:14:16.426682;Frozen
5179190936;517919093664153149011;Сберегательный;040794245;30132221644079578467;2023-12-14 14:51:16.288034;Active
5179190936;517919093630451693946;Текущий;049646129;30186988114772909095;2024-08-16 10:40:16.128045;Closed
9121539243;912153924393352360812;Текущий;047804914;30104997080071367094;2024-10-04 02:32:20.944174;Frozen
9121539243;912153924327902413159;Сберегательный;049470058;30196810791898056059;2024-06-29 00:22:50.379625;Frozen
9121539243;912153924384549646984;Кредитный;048290362;30143482946096630052;2024-07-18 06:51:00.067609;Closed
9121539243;912153924396999163539;Сберегательный;043482080;30126221047500319084;2024-04-08 21:55:07.668104;Frozen
9121539243;912153924364944469203;Кредитный;041497804;30197109260893474447;2024-08-08 12:41:41.808282;Closed
9121539243;912153924394856301352;Текущий;044138665;30163450148778420317;2024-08-21 19:08:01.322551;Closed
3374211280;337421128034337974473;Текущий;049361884;30125624676478540071;2024-08-13 13:09:45.180268;Closed
3374211280;337421128051652154899;Сберегательный;047636276;30170068916307056059;2024-10-10 19:56:23.281164;Frozen
3374211280;337421128049656436436;Текущий;044055765;30176147747876336055;2024-09-26 15:48:14.901658;Frozen
3374211280;337421128016625065210;Кредитный;044022179;30111674309844087526;2024-08-28 03:42:54.179297;Active
3374211280;337421128050366690812;Кредитный;048998597;30118688727085921468;2024-03-06 03:13:48.753100;Active
3374211280;337421128058748926847;Кредитный;040323055;30112750185716027320;2024-08-18 13:52:25.815598;Closed
2478424120;247842412089030992509;Сберегательный;040189054;30177637722487463803;2024-08-03 04:04:51.991740;Closed
2478424120;247842412092870237418;Текущий;044504974;30113179325801440787;2024-08-07 09:06:22.130413;Active
2478424120;247842412083748563703;Текущий;049972099;30134960233087747774;2023-11-05 13:11:54.997122;Closed
2478424120;247842412091279227381;Сберегательный;045080062;30170491698639179084;2024-05-13 07:59:46.483811;Closed
8714964672;871496467243608602070;Текущий;046146646;30188133679125692060;2023-10-28 11:08:57.876585;Active
7968621050;796862105038491825786;Текущий;041515566;30134581339861305179;2023-11-12 15:35:08.418583;Active
7968621050;796862105034982372756;Текущий;044983695;30195388081059399532;2024-03-25 16:23:46.916697;Active
7968621050;796862105013240907815;Текущий;048277096;30166505666566307618;2024-02-11 07:13:38.156636;Closed
7968621050;796862105051102351881;Кредитный;044762085;30174788551494654221;2024-05-10 02:28:19.280086;Frozen
7968621050;796862105015017452376;Кредитный;046043513;30114762365870406528;2024-02-22 07:56:29.800689;Closed
7968621050;796862105077552801417;Текущий;049226059;30174795666747470361;2024-05-27 17:12:29.802583;Active
7968621050;796862105020909520537;Сберегательный;041821717;30120559561216585328;2024-05-23 15:19:00.173281;Closed
7968621050;796862105011146590130;Текущий;046081446;30115261571029367117;2023-12-20 19:21:07.994707;Active
4280945775;428094577534861129404;Текущий;048725979;30195969405000893163;2024-05-16 01:31:52.434324;Closed
9389066427;938906642760208795931;Кредитный;040754457;30157196011447709095;2024-05-17 08:20:35.059788;Closed
9389066427;938906642725436588674;Текущий;046686420;30167839992931430327;2024-08-20 17:07:22.293181;Closed
9389066427;938906642717657894788;Сберегательный;043559052;30173656987481032097;2024-04-23 22:50:09.006722;Frozen
9389066427;938906642710521003325;Сберегательный;047350885;30191028510008176759;2024-03-30 07:18:33.039263;Active
9389066427;938906642724933572503;Кредитный;040133652;30122752753228049674;2024-01-06 04:27:43.790444;Frozen
9389066427;938906642711008547440;Кредитный;044066903;30171656090295514878;2023-12-29 21:52:39.319974;Closed
9389066427;938906642795958307710;Кредитный;041708997;30118256422305774387;2024-10-13 16:38:33.544657;Active
9524247031;952424703117208065198;Кредитный;049761050;30127516898021845074;2024-02-11 16:04:31.169818;Closed
4624082537;462408253755589928235;Кредитный;042418054;30108190198231357574;2024-03-02 10:42:56.891258;Frozen
5306800253;530680025352008893600;Кредитный;045017990;30154283386054770070;2024-06-27 18:42:16.211825;Frozen
5306800253;530680025379366310245;Кредитный;048848388;30148902617105360928;2023-12-25 13:40:43.232667;Active
5306800253;530680025394719712603;Сберегательный;048426677;30146419904303565488;2023-11-26 23:57:06.116350;Frozen
5306800253;530680025340069588663;Сберегательный;045263078;30180353712832890093;2024-09-07 11:41:05.147343;Closed
5306800253;530680025386812090227;Сберегательный;040120093;30143439307746616072;2024-04-29 18:13:34.729403;Closed
5306800253;530680025363621587706;Кредитный;047778072;30199614363959040093;2024-02-25 00:25:47.658500;Active
5306800253;530680025318033548481;Сберегательный;040577709;30134921288910639269;2023-12-08 15:08:06.533366;Active
1235202968;123520296811130994724;Текущий;048685283;30184013793760097458;2024-06-10 09:25:06.266989;Active
1235202968;123520296871883982329;Текущий;042694919;30178467484867887928;2024-07-03 03:54:11.036113;Closed
1235202968;123520296886651261918;Текущий;048102055;30130893252953916482;2024-03-10 21:10:54.153985;Frozen
1235202968;123520296890942569292;Сберегательный;047072176;30158703548281551738;2023-12-20 02:34:40.539271;Closed
5806818401;580681840183703673706;Кредитный;041715153;30145652281841817413;2024-05-10 20:15:29.937824;Active
5806818401;580681840120618186035;Текущий;047964327;30112314376070949080;2023-12-09 11:06:30.400137;Closed
5806818401;580681840117426671605;Кредитный;044550534;30198875819958498050;2024-08-05 16:55:54.174447;Frozen
5023118503;502311850389314155279;Кредитный;049275066;30168921735098673276;2024-06-21 13:09:42.310509;Closed
5023118503;502311850312667078524;Кредитный;040763057;30101281638161761076;2024-06-05 13:27:05.490750;Active
5023118503;502311850336854093537;Кредитный;048781792;30125376057941708066;2024-07-18 14:59:16.092906;Frozen
5023118503;502311850349228290421;Сберегательный;049349619;30179830681210379270;2024-06-30 18:13:07.403303;Closed
5023118503;502311850375325662671;Кредитный;043852752;30114713310942276056;2024-05-24 06:58:51.025955;Closed
5023118503;502311850382591013387;Текущий;045683578;30147660381136590096;2024-08-09 07:26:57.940356;Active
5023118503;502311850328202831376;Текущий;042479171;30161981721757148590;2023-12-10 18:31:07.011080;Frozen
5023118503;502311850313763502764;Сберегательный;048788074;30195303995883658249;2023-12-29 20:46:12.103986;Frozen
5286228642;528622864237053439074;Сберегательный;042635803;30129374020113876525;2024-03-06 12:39:01.851360;Frozen
5286228642;528622864258410967212;Текущий;045660088;30169527712948212318;2024-08-31 01:07:58.506193;Active
5286228642;528622864279781875032;Текущий;042281315;30175787294014769165;2024-08-23 18:01:05.458195;Frozen
5286228642;528622864225164200673;Кредитный;043696900;30139972096705315062;2023-12-15 18:58:22.099656;Active
5286228642;528622864217226327833;Кредитный;041533317;30189421680122549477;2023-12-06 06:34:25.815179;Active
5286228642;528622864232366244967;Текущий;048809088;30178178972236932063;2024-07-05 08:34:06.781055;Frozen
5286228642;528622864256148342234;Кредитный;048260203;30120516276929212061;2024-08-21 19:12:36.890519;Active
5286228642;528622864264149516964;Кредитный;045405706;30194255598297824338;2024-03-19 07:19:48.842407;Active
5007082897;500708289716106498014;Кредитный;048674077;30139883520103713098;2024-05-31 22:51:08.547154;Active
5007082897;500708289763394182250;Текущий;045652088;30150155157038301831;2024-06-04 02:05:00.238968;Frozen
5007082897;500708289718931921610;Текущий;040711278;30159378054340541901;2024-03-23 23:24:41.192389;Frozen
5007082897;500708289715726812502;Текущий;041572644;30159789402900039891;2023-10-27 23:05:41.060753;Active
5007082897;500708289791427550398;Текущий;042915955;30166305559757912618;2024-06-03 22:55:16.405636;Active
5007082897;500708289716867036249;Сберегательный;044281072;30186817679980203067;2024-01-16 06:21:49.173856;Active
4183421853;418342185331576971552;Сберегательный;049216423;30109309503815778196;2024-08-16 08:18:10.895680;Closed
4478862521;447886252115590376824;Кредитный;046370330;30160867564802685066;2024-08-18 20:44:05.568993;Closed
4478862521;447886252175157783442;Кредитный;049388886;30119726116538269748;2024-05-16 03:43:34.905131;Frozen
4478862521;447886252130507836038;Кредитный;048894708;30190985807755666065;2024-01-15 11:27:02.911072;Active
4478862521;447886252113787598343;Кредитный;046183074;30149506451928004913;2024-03-01 14:45:22.805074;Active
4478862521;447886252184941328871;Текущий;049813428;30177225585559017382;2023-12-09 21:52:24.411933;Active
4478862521;447886252157685525816;Текущий;048391255;30117164580064427661;2024-10-19 14:56:58.595568;Frozen
4478862521;447886252181946027746;Текущий;043267091;30133805618267651871;2024-09-16 23:54:47.869678;Closed
4478862521;447886252172351907173;Текущий;041002939;30167911233930246644;2023-11-27 00:26:14.974957;Closed
4478862521;447886252146754654391;Кредитный;041913095;30123980647392935075;2024-05-27 19:10:47.041059;Frozen
6838809148;683880914876005134012;Сберегательный;047181520;30187008525275636659;2024-05-24 02:35:34.618367;Active
6838809148;683880914834310075594;Кредитный;040454262;30160771261059561830;2024-04-27 15:15:44.221898;Closed
6838809148;683880914816757168313;Сберегательный;048931986;30166671568815082051;2024-06-21 09:55:06.246439;Closed
6838809148;683880914866137948162;Текущий;044709604;30178309088924074087;2024-10-17 12:17:31.589048;Frozen
6838809148;683880914834572689852;Кредитный;049482055;30164062033206884084;2023-12-15 07:46:02.900833;Closed
6838809148;683880914827048221341;Сберегательный;043633674;30182886410911095080;2024-05-08 16:06:17.113826;Closed
6838809148;683880914849903087088;Сберегательный;045669066;30181122208332222055;2024-08-20 10:00:53.066563;Closed
6838809148;683880914845463703692;Кредитный;041574256;30110085723584072071;2024-03-06 12:19:14.591213;Closed
6805582878;680558287897001507489;Сберегательный;041026065;30175277426259376075;2024-04-04 11:55:21.401801;Active
6805582878;680558287824769700400;Текущий;048231736;30144349622250213828;2023-12-30 22:15:21.388147;Active
9643101128;964310112813865765617;Текущий;048158880;30125298829965193768;2024-05-29 15:45:21.161232;Active
9643101128;964310112813708067669;Кредитный;048431649;30153879920774162050;2024-02-07 07:55:47.223535;Active
9643101128;964310112835341730020;Текущий;044429077;30177958107067993079;2023-11-29 18:24:13.603506;Closed
9643101128;964310112858661081859;Текущий;046325620;30166412349260905087;2024-07-16 00:23:55.552227;Active
9643101128;964310112859802444945;Кредитный;044205078;30128048137641771974;2023-11-05 02:14:44.671493;Closed
9643101128;964310112811702406842;Кредитный;047984920;30118470765414170705;2024-01-12 20:33:58.094446;Frozen
5604154363;560415436380376887265;Сберегательный;047791295;30112361847738283190;2024-01-27 20:19:21.419801;Active
4819900402;481990040250169797822;Текущий;041418094;30172345999167588538;2024-04-06 16:06:50.388880;Closed
4819900402;481990040220505903308;Сберегательный;042417077;30151211579487929283;2023-10-30 02:46:21.564197;Frozen
4819900402;481990040245536259726;Сберегательный;045701073;30130504407179406442;2023-12-17 07:50:09.239416;Frozen
4819900402;481990040275705665873;Сберегательный;047076485;30124992722689964670;2024-01-04 22:36:41.873191;Active
4819900402;481990040240955247529;Кредитный;042092073;30160649099127038083;2024-08-25 11:36:53.183989;Frozen
4819900402;481990040262830344880;Текущий;040325266;30105839670801553077;2024-09-04 14:21:33.209389;Closed
4819900402;481990040287647248554;Сберегательный;049533496;30191220445801266743;2024-02-01 17:29:08.536250;Closed
4819900402;481990040257263479463;Сберегательный;040198626;30156997628339342077;2023-12-18 03:49:15.537506;Active
