695700320093777245503;8191404772074031;Visa;11/31;Frozen
695700320093777245503;8191102771458920;Union Pay;01/33;Frozen
695700320093777245503;4881243720863804;Union Pay;10/31;Active
695700320061086061331;345337282383462;МИР;12/33;Active
695700320061086061331;4086480388773734;Mastercard;05/26;Frozen
695700320061086061331;6620078043441065;Visa;08/29;Active
372350035599643657592;8111507841586616;American Express;11/29;Frozen
372350035599643657592;6203498181320548;Union Pay;03/24;Frozen
372350035599643657592;4076317391073052;American Express;11/31;Frozen
372350035579552867294;4917934828328322;Visa;09/24;Frozen
372350035535907870753;342345867649010;Union Pay;10/32;Frozen
372350035535907870753;379505489973751;Visa;08/29;Active
528745814142295829286;6222589220796768;Maestro;10/24;Frozen
528745814142295829286;5274620852234973;Maestro;01/28;Active
528745814142295829286;378055322135110;American Express;11/26;Frozen
528745814142295829286;2200015574768307;Maestro;01/26;Frozen
528745814142295829286;373281952154305;МИР;04/33;Active
528745814141374680397;8101244687631619;Maestro;08/30;Active
528745814141374680397;6286771544927286;Maestro;05/34;Active
528745814141374680397;2224215214206203;Union Pay;04/32;Active
528745814141374680397;6295025099403600;МИР;06/31;Frozen
528745814141374680397;5455128001429503;МИР;10/28;Active
528745814163067902557;4896446648819641;Visa;04/26;Frozen
528745814163067902557;347435668507239;Mastercard;07/29;Frozen
528745814163067902557;371814626392182;American Express;08/26;Active
528745814163067902557;6225367761315539;American Express;03/33;Active
528745814163067902557;2203392271950364;Mastercard;04/30;Active
528745814111260233540;371484846396205;Mastercard;05/34;Frozen
528745814111260233540;5350654757790224;МИР;06/28;Active
528745814111260233540;8115640240288421;Union Pay;10/31;Frozen
528745814111260233540;6143737931254454;Maestro;01/34;Active
528745814111260233540;6739956238228066;American Express;05/32;Frozen
528745814132540598191;4207247612889089;American Express;05/34;Frozen
528745814132540598191;379182020404512;Visa;01/34;Frozen
528745814132540598191;2201271230978389;Visa;09/34;Active
528745814132540598191;2202468147617899;Visa;12/25;Active
528745814112001908411;373837595454038;American Express;07/27;Frozen
528745814112001908411;2201386286464975;Mastercard;12/30;Active
528745814112001908411;2204904408909565;American Express;07/28;Active
528745814112001908411;2244754259123382;Maestro;02/26;Frozen
528745814139056407466;379062532994632;Visa;07/33;Active
528745814139056407466;4461027371028009;Union Pay;03/29;Frozen
528745814139056407466;2204212182969304;Maestro;06/25;Frozen
528745814139056407466;378066587970364;American Express;06/31;Active
409425504099359836192;4162965761369875;Maestro;06/27;Frozen
409425504099359836192;2275500925502745;Maestro;06/30;Active
409425504027651360741;375836881735124;МИР;04/26;Frozen
409425504021263118277;2204678525582824;МИР;06/34;Active
409425504021263118277;4178396011556016;American Express;12/30;Frozen
409425504021263118277;4574095716992985;American Express;01/30;Active
409425504021263118277;5634791721360482;Maestro;11/28;Frozen
409425504021263118277;4820203389047341;МИР;02/28;Active
409425504015751786794;373706785149783;Maestro;10/28;Frozen
409425504036854363931;343057173604584;Mastercard;10/27;Frozen
409425504036854363931;6274808961124825;Maestro;08/31;Frozen
409425504036854363931;2202985464277916;Maestro;03/29;Frozen
409425504036854363931;8146773249862897;Union Pay;10/34;Active
409425504067374421823;371869815846711;МИР;07/34;Active
409425504067374421823;5782063421787459;Union Pay;10/26;Active
409425504067374421823;2202485814795741;Visa;11/33;Active
409425504067374421823;2271120443160431;Union Pay;10/30;Active
409425504067374421823;8135174812283277;Union Pay;01/33;Frozen
409425504020990329762;8112562223982189;Visa;08/33;Active
409425504020990329762;4362388989161305;Maestro;09/25;Frozen
409425504020990329762;6871333500335342;Mastercard;08/29;Frozen
409425504020990329762;6299759032263384;American Express;02/27;Frozen
409425504020990329762;2204519095590310;Visa;06/31;Active
409425504020252677846;2203337729468154;МИР;11/25;Active
409425504020252677846;376135684032261;МИР;07/34;Frozen
409425504020252677846;5686410482548279;Mastercard;03/32;Frozen
409425504020252677846;349542017013773;American Express;12/31;Frozen
409425504020252677846;371175476969598;American Express;10/32;Frozen
374823166983344034505;2247862891850861;Union Pay;07/32;Frozen
374823166983344034505;8153778737057504;Visa;10/28;Frozen
374823166983344034505;8156485617259468;Visa;01/29;Frozen
374823166983344034505;2201898374795979;Union Pay;07/33;Active
374823166968084164657;2429661048798068;Mastercard;04/26;Active
374823166968084164657;6122357878951759;Visa;03/25;Frozen
374823166968084164657;6082287163992572;Maestro;05/31;Active
374823166968084164657;6208445166762967;Maestro;04/34;Active
374823166998927507312;2202388692855084;Maestro;10/33;Frozen
374823166998927507312;2200119915444212;Union Pay;09/27;Active
374823166922160113572;4304137659269190;Maestro;12/31;Frozen
374823166922160113572;8174664787242342;Maestro;08/32;Frozen
374823166922160113572;4663607788712711;Maestro;10/34;Active
374823166922160113572;4924811187212464;Visa;01/31;Frozen
374823166999588729571;2290178339033424;American Express;11/26;Frozen
374823166999588729571;2271348879316629;Visa;05/31;Frozen
374823166999588729571;379335215077127;Visa;01/29;Frozen
969232613638600734883;2202890531144356;Visa;08/30;Active
969232613638600734883;8129380694757704;American Express;06/27;Frozen
969232613638600734883;8182433470817335;Mastercard;06/34;Frozen
969232613638600734883;4905571292663422;Visa;03/29;Frozen
969232613638600734883;6216690822290453;Mastercard;08/33;Frozen
969232613664245363923;2263745858975764;Maestro;09/29;Frozen
969232613664245363923;6232004346180978;МИР;12/33;Active
969232613664245363923;2262628798941602;Union Pay;10/33;Active
288121379741551993904;6241706019837184;Union Pay;12/31;Frozen
288121379741551993904;2200525107613820;Visa;04/27;Active
288121379741551993904;2202402915909717;МИР;01/25;Active
288121379741551993904;8122400234775953;Union Pay;10/32;Frozen
288121379799334998892;2202143668315112;Maestro;02/30;Active
288121379799334998892;2202160509691790;Mastercard;04/25;Frozen
288121379799334998892;6285906694444358;Union Pay;05/30;Frozen
288121379799334998892;4861924985529990;Maestro;02/30;Active
288121379799334998892;2386753658498062;Maestro;05/25;Frozen
288121379710431469246;6391949961526417;American Express;10/30;Active
288121379710431469246;8185989773214592;Mastercard;11/31;Frozen
288121379710431469246;375185433268915;Maestro;02/33;Active
288121379710431469246;4201331850134683;МИР;01/31;Active
288121379710431469246;372363450239084;Visa;04/29;Active
254836837489809036799;2200661747414376;Mastercard;01/32;Frozen
254836837489809036799;2707711888624354;American Express;03/33;Active
254836837489809036799;8186566987119988;Mastercard;06/34;Frozen
254836837471098718855;5355254605746521;Visa;05/30;Active
254836837471098718855;2202795795531141;МИР;12/32;Frozen
254836837471098718855;5957171063694963;Maestro;02/27;Frozen
254836837471098718855;4970922010475781;Union Pay;03/26;Active
254836837420319838213;2499757738797082;American Express;04/28;Frozen
254836837495009462058;4669609385985488;Maestro;07/27;Active
254836837495009462058;2233589375865679;Maestro;11/25;Active
254836837495009462058;342657273731970;Union Pay;07/28;Active
254836837495009462058;4999619914272176;Maestro;12/33;Frozen
254836837489015875707;8163229828318056;Visa;12/31;Frozen
254836837489015875707;4796223290421245;American Express;04/26;Frozen
254836837489015875707;377490302831167;American Express;03/33;Active
216253280682677679307;2201835047092392;Union Pay;11/24;Frozen
216253280682677679307;6960583495679797;American Express;05/34;Active
216253280682677679307;371275924174658;Visa;07/25;Active
216253280682677679307;340543147503054;Visa;12/33;Frozen
216253280682677679307;2203531347031036;Mastercard;02/29;Frozen
216253280619107541581;2202837822076326;Mastercard;01/29;Frozen
216253280619107541581;8180202983231553;МИР;02/25;Frozen
216253280619107541581;5736263267417602;Visa;10/31;Active
216253280619107541581;6471717633092461;American Express;06/33;Frozen
216253280619107541581;347662514015063;Union Pay;05/26;Active
216253280648524552825;6813272213662140;American Express;08/30;Frozen
216253280631361147058;6688050983525891;Union Pay;10/29;Frozen
216253280631361147058;371811587518060;American Express;02/26;Active
216253280631361147058;5246746883698186;Visa;12/30;Frozen
216253280648791059129;5029339975413947;American Express;12/32;Active
216253280648791059129;4770726653931881;American Express;09/24;Frozen
216253280686579106332;2255790913523134;МИР;11/24;Frozen
216253280686579106332;4295669389598945;Union Pay;07/28;Frozen
216253280616374000124;4628368145878778;Mastercard;09/28;Frozen
976748515467243546329;8140676553366049;Union Pay;11/27;Active
976748515467243546329;4268670383423182;Maestro;12/29;Active
976748515467243546329;4156350808754322;МИР;12/29;Active
976748515467243546329;2200530762536720;МИР;01/29;Frozen
976748515467243546329;2203636840271649;Maestro;09/25;Frozen
976748515436772033893;8169568127210942;Maestro;07/27;Frozen
976748515436772033893;2720374163038189;Mastercard;06/29;Active
931732832591301363754;6159845236020420;Maestro;05/33;Frozen
931732832591301363754;5947394260190311;American Express;05/29;Frozen
931732832558545330482;6216309297715007;Mastercard;10/28;Active
931732832558545330482;2204233232658887;МИР;04/31;Active
647150142786636241574;6503864004753040;Mastercard;05/32;Frozen
647150142786636241574;377811222344512;Mastercard;08/26;Frozen
647150142786636241574;8181008338346965;Mastercard;05/30;Active
647150142743725007555;373942340856998;МИР;04/29;Active
647150142743725007555;4997054775813094;МИР;07/31;Active
647150142726969614200;5796347805744416;МИР;09/31;Frozen
647150142726969614200;6880122390031387;American Express;03/31;Frozen
647150142726969614200;373247925194678;American Express;07/31;Active
647150142726969614200;6212308073833483;МИР;01/29;Active
647150142726969614200;5839710814523569;Mastercard;08/34;Active
647150142778079115187;372008912221887;Maestro;06/34;Frozen
647150142778079115187;6272306269310214;American Express;02/30;Frozen
647150142778079115187;6591374907838438;Mastercard;01/26;Active
647150142778079115187;6771223821062140;Maestro;11/32;Active
647150142725930143184;4021631370027210;Maestro;03/30;Active
647150142725930143184;374622922234413;Visa;04/31;Frozen
647150142725930143184;6234249819008499;American Express;07/24;Frozen
647150142725930143184;6347011401018367;Mastercard;11/32;Active
647150142725930143184;349987390973160;Visa;01/30;Frozen
932285408672786482637;2204288931365705;МИР;10/26;Active
932285408672786482637;5657832665100898;Visa;02/27;Active
932285408614348791639;8164279235310880;American Express;10/24;Frozen
932285408614348791639;6684726944004183;МИР;07/29;Frozen
932285408614348791639;8168809249801502;МИР;07/31;Active
932285408694811784404;340565985606194;American Express;10/31;Active
932285408694811784404;4841668076859528;Maestro;06/25;Active
932285408629365336735;8102318919932489;Union Pay;08/24;Active
932285408629365336735;5916201786835377;Visa;08/28;Frozen
932285408634764506201;5554789257339462;Mastercard;09/26;Frozen
932285408634764506201;6734116496580386;American Express;12/26;Active
932285408634764506201;8142140063451989;Union Pay;07/25;Frozen
932285408614279971727;6073871144866418;Union Pay;09/25;Active
749346156634696557593;2200521952765815;American Express;07/28;Frozen
749346156667816337646;4357246967431800;Maestro;02/29;Frozen
749346156667816337646;2700441017591889;Union Pay;04/34;Frozen
749346156698794864550;4742476773607160;МИР;06/27;Active
749346156698794864550;5823496385858778;МИР;08/27;Frozen
749346156698794864550;2238114619480154;Mastercard;04/26;Frozen
749346156698794864550;4811735660670144;МИР;07/28;Frozen
749346156698794864550;348484460597203;Union Pay;09/29;Active
749346156671132127332;2230340887010823;Maestro;02/26;Active
749346156671132127332;2201708790897848;МИР;11/29;Frozen
749346156671132127332;345005617182814;Visa;11/29;Frozen
749346156671132127332;5361413469664699;МИР;07/29;Frozen
891367219419786195172;5823997989243879;МИР;05/24;Active
891367219419786195172;5197820504647671;Maestro;04/28;Active
891367219419786195172;4334971178875564;American Express;02/26;Active
891367219419786195172;2203943825552674;Maestro;04/27;Frozen
891367219491666593992;5648752053449438;Visa;03/31;Frozen
558794106530068917455;4386884728904965;Maestro;03/28;Frozen
558794106530068917455;6262905901337212;Visa;03/33;Frozen
558794106530068917455;343204886226590;Visa;08/24;Frozen
558794106557691099254;5734522806936998;Maestro;03/30;Active
558794106557691099254;5724042330891595;МИР;05/24;Active
558794106557691099254;6203822802496074;МИР;11/25;Frozen
558794106557691099254;371733255269513;МИР;02/33;Frozen
225364723889672312556;5306960637095485;Maestro;10/30;Frozen
225364723851392125883;341672932178159;Maestro;12/30;Active
225364723851392125883;2202448005055671;Maestro;02/26;Frozen
225364723851392125883;2204513216076606;Mastercard;03/31;Active
225364723851392125883;4335376761055013;Union Pay;08/26;Frozen
849347886297488819388;8169637923552201;Maestro;06/24;Active
849347886269970124450;6051519912767732;МИР;08/28;Frozen
849347886263441017253;375966283679206;Maestro;05/29;Active
849347886263441017253;2256855532167057;Mastercard;06/30;Active
849347886263441017253;372350186050240;American Express;05/25;Frozen
849347886263441017253;6757836135660529;American Express;08/24;Frozen
849347886263441017253;378666525589224;Union Pay;03/32;Active
799083389872020631525;374887721165924;Visa;03/33;Active
799083389886959706119;6295024850238073;Mastercard;01/28;Active
799083389886959706119;371576372512616;American Express;02/31;Frozen
799083389886959706119;6284568113428171;American Express;05/30;Active
799083389886959706119;8180045717751432;Visa;09/24;Active
799083389851703671677;4837344469575750;Union Pay;10/33;Frozen
516147022064601354634;2202549837246071;Mastercard;01/34;Active
516147022064601354634;2203822782594848;Mastercard;05/34;Frozen
516147022064601354634;6245700786773009;Maestro;08/29;Frozen
516147022064601354634;6423997733111192;Visa;09/31;Active
516147022064601354634;2204864030705064;МИР;11/24;Active
516147022065270430847;4361329638565513;Visa;08/27;Active
516147022032578441091;2201224442196381;Visa;07/34;Frozen
516147022032578441091;2303123245741046;Mastercard;09/33;Active
516147022032578441091;4280300823992133;Mastercard;09/31;Frozen
516147022032578441091;4002230967952543;Visa;05/32;Active
516147022032578441091;6271585591375034;Visa;09/26;Active
516147022060169542749;4565399394225143;МИР;01/30;Frozen
516147022023295341608;5445460939912935;Mastercard;11/26;Frozen
516147022023295341608;6508179706279060;Union Pay;09/32;Active
516147022023295341608;2200712973989571;Maestro;01/28;Active
516147022023295341608;2452924315442772;American Express;08/34;Frozen
466804258738593389602;5042413307512180;Mastercard;06/31;Active
466804258738593389602;2202919613749228;American Express;04/33;Frozen
466804258738593389602;2418037863382697;МИР;03/30;Active
466804258738593389602;2201085310430701;Mastercard;12/31;Active
466804258738593389602;6143753028130879;МИР;04/33;Active
466804258731413757474;348120802645140;Mastercard;10/33;Frozen
466804258731413757474;5249412387707620;МИР;12/32;Active
466804258731413757474;2204430255762709;Visa;02/33;Frozen
466804258731413757474;347699396322530;Maestro;01/32;Frozen
466804258731413757474;2706054027558295;Union Pay;08/31;Frozen
466804258765736263238;4994189471045188;МИР;10/27;Frozen
466804258765736263238;2202232765649950;МИР;02/34;Frozen
466804258765736263238;4837647646541564;American Express;03/30;Active
466804258771810261419;378991710463971;American Express;09/25;Frozen
466804258771810261419;4946304707349127;Visa;12/25;Frozen
466804258771810261419;2240053875804739;Visa;10/26;Active
466804258770605132309;6246694102802759;Maestro;03/27;Frozen
611729236292848920230;5338067670012682;МИР;11/24;Frozen
611729236292848920230;5712792974366288;Visa;03/30;Active
611729236292848920230;6237201468904194;Union Pay;01/27;Active
611729236292848920230;2287099798132074;Visa;07/34;Frozen
611729236292848920230;4676744575016447;МИР;02/24;Frozen
679200171772542135522;5015181887164499;Union Pay;05/32;Active
679200171772542135522;2676851021088880;Maestro;09/30;Frozen
679200171772542135522;4908786750804279;American Express;05/31;Frozen
679200171714086460553;8168639481364160;Maestro;08/29;Frozen
679200171714086460553;343356682217676;American Express;03/25;Frozen
679200171714086460553;376902006550902;Union Pay;09/28;Frozen
679200171714086460553;5216729719646302;МИР;09/28;Active
679200171714086460553;2200992719143580;Maestro;10/29;Frozen
679200171798336090892;2202036352222950;Union Pay;01/30;Frozen
679200171798336090892;378845589146622;Visa;11/24;Frozen
679200171798336090892;6056954060558135;Mastercard;12/25;Active
679200171798336090892;5832210214975664;Union Pay;08/33;Frozen
617428207418730858887;340553034323474;МИР;08/29;Frozen
617428207472556778237;4840005450880823;Maestro;05/28;Active
617428207472556778237;5791137094223874;American Express;03/29;Active
617428207472556778237;5799626373836432;Mastercard;11/33;Active
617428207472556778237;2204550206433967;МИР;11/31;Active
839529953399269039141;5774570490012734;American Express;04/29;Active
839529953399269039141;374449384107519;Mastercard;08/26;Active
839529953318073832874;5451321219535765;Maestro;05/30;Active
839529953318073832874;6123219875115805;Mastercard;03/29;Active
839529953318073832874;377585254388601;American Express;08/29;Active
839529953318073832874;2253077207266063;Maestro;09/24;Active
839529953318073832874;2201414221734953;МИР;05/25;Frozen
839529953399758099634;2460860131755262;МИР;09/30;Frozen
839529953399758099634;4648536980839438;Union Pay;10/30;Active
839529953333904159689;2203625664861114;Maestro;08/34;Active
839529953333904159689;2257832703417131;Visa;06/26;Active
839529953333904159689;6163843493172830;Union Pay;11/29;Active
839529953333904159689;2253836544468926;Visa;10/25;Active
839529953333904159689;4902907354617836;American Express;09/30;Active
839529953370157651541;2201217280778336;Union Pay;10/32;Frozen
839529953322555622167;6964596975180900;Visa;05/26;Active
839529953322555622167;2720671745547136;Maestro;06/29;Active
839529953322555622167;6220732868758813;Maestro;09/30;Frozen
839529953322555622167;2203604565076643;American Express;10/33;Frozen
839529953322555622167;373001326509491;Maestro;09/26;Active
471264406269359058052;8194022215135495;Union Pay;03/32;Active
471264406269359058052;8154051628390627;Visa;12/25;Frozen
471264406269359058052;6596359061178130;Maestro;01/25;Active
471264406269359058052;5843695158053527;МИР;07/26;Frozen
471264406274194564674;4865500567762682;Union Pay;10/24;Frozen
471264406236093072933;6261380122212530;Visa;02/26;Frozen
471264406236093072933;346537394321032;Union Pay;08/25;Frozen
779638097457443802955;8164465249969049;American Express;08/26;Active
779638097457443802955;4397035953699674;Union Pay;11/31;Active
779638097457443802955;2204098890823952;Mastercard;07/33;Active
779638097490223084074;4504517417414543;Maestro;02/26;Frozen
779638097490223084074;6711337019736977;American Express;01/26;Frozen
779638097490223084074;2202944541587003;Union Pay;07/34;Frozen
779638097423196992031;6518096280103912;Union Pay;05/26;Active
779638097423196992031;8191705736636354;Maestro;12/31;Frozen
779638097423196992031;2204366708955757;Maestro;02/26;Active
779638097423196992031;2203286246854414;Maestro;08/34;Active
779638097423196992031;2201878398921892;Maestro;03/28;Active
779638097433803897423;376173888452373;Mastercard;07/30;Frozen
779638097491859619978;2202609598032613;Union Pay;04/33;Frozen
174271064589987873063;6368870817526113;МИР;11/27;Active
174271064589987873063;8153469513155700;Union Pay;09/25;Active
174271064589987873063;2204733003192537;Visa;09/24;Active
174271064589987873063;2204468039061246;Union Pay;06/25;Frozen
174271064589987873063;8196256768589801;Visa;09/33;Active
174271064535952238989;2201739403253475;American Express;12/24;Active
174271064570031223230;2204420303354088;Mastercard;07/26;Active
174271064570031223230;4119359307660878;Union Pay;12/26;Active
174271064570031223230;6858903344145607;Union Pay;11/26;Frozen
174271064570031223230;5946460085059949;Maestro;08/24;Frozen
174271064570031223230;2715244573657893;МИР;09/25;Active
174271064574649425141;376793856030966;Visa;02/32;Frozen
174271064574649425141;8168206572113144;Mastercard;06/28;Active
174271064574649425141;2203242433626495;American Express;03/30;Frozen
174271064574649425141;2203184847550723;МИР;09/33;Frozen
174271064574649425141;2201223104838595;МИР;10/24;Active
174271064550097517325;4249077040007669;American Express;04/31;Frozen
174271064568302629393;2240716631633499;Mastercard;03/27;Active
174271064568302629393;8156317885800501;American Express;07/29;Active
174271064568302629393;6912099478405760;American Express;04/25;Active
174271064568302629393;5061824483340285;Maestro;03/27;Frozen
978246679555473462226;2257418344320924;Mastercard;02/32;Frozen
978246679575605420875;2204620289070794;American Express;05/33;Frozen
281990871657742590080;6262736609598288;Mastercard;06/33;Active
281990871657742590080;6227504912956062;МИР;11/28;Active
281990871657742590080;6482971517688525;Maestro;01/34;Active
281990871657742590080;2201829586746716;Mastercard;12/25;Active
281990871670729104052;378510983569858;Visa;01/26;Frozen
281990871670729104052;6386768235453167;Mastercard;06/25;Frozen
320150647149750306787;2563719915047278;МИР;08/27;Active
320150647123210878026;4528165045848393;Union Pay;02/26;Frozen
320150647123210878026;2295174185001453;Maestro;07/29;Active
320150647123210878026;4404925768419121;American Express;03/34;Frozen
540903186195283726420;4531552092132638;Visa;03/26;Frozen
540903186146845743606;2202026081867811;American Express;01/27;Active
540903186146845743606;2271705657335065;Visa;10/26;Frozen
540903186146845743606;8193720892426654;Union Pay;05/30;Active
540903186145832864224;8120457634989560;Maestro;03/32;Frozen
540903186145832864224;2240335063547620;American Express;10/33;Active
540903186145832864224;2204204020681332;Union Pay;12/33;Frozen
540903186145832864224;5848532860531380;Maestro;09/28;Frozen
540903186186437927161;377174630216180;Mastercard;06/30;Frozen
540903186186437927161;4223471707366353;American Express;07/24;Frozen
540903186186437927161;6269065209476668;Union Pay;02/26;Frozen
540903186186437927161;5748411745849823;American Express;02/30;Frozen
540903186192580994272;2204482012700324;Union Pay;11/29;Frozen
540903186192580994272;4048344868809441;МИР;06/29;Active
540903186192580994272;6913454704367574;МИР;05/32;Frozen
540903186192580994272;2200894319135026;МИР;09/26;Active
540903186135053888810;8115186768880561;American Express;03/31;Active
540903186135053888810;2200472005323154;Visa;05/33;Active
540903186135053888810;370763973803658;American Express;08/32;Active
540903186135053888810;343450840059037;American Express;12/27;Active
540903186139464372498;342108967593482;Union Pay;11/31;Active
435505941444597087938;5089365243703733;Maestro;11/25;Frozen
435505941444597087938;2308959143654723;Maestro;02/27;Active
435505941444597087938;2201508659817600;Union Pay;03/27;Frozen
435505941444597087938;2475511937902714;Visa;05/25;Active
435505941466021289433;2656054862404027;МИР;07/27;Active
435505941466021289433;2247331442771240;Union Pay;02/27;Frozen
435505941466021289433;6211839892457659;Union Pay;10/32;Active
435505941466021289433;2203224633544355;МИР;11/26;Frozen
435505941454568432403;2204994356052351;Maestro;01/27;Active
424762141138876796755;2203218935658608;Maestro;01/34;Active
424762141138876796755;5775583865679531;Visa;11/25;Frozen
424762141138876796755;5026598461717854;Visa;08/27;Frozen
424762141138876796755;4815060197489132;Visa;05/33;Active
424762141135715283454;6410191441139498;Maestro;03/28;Frozen
424762141135715283454;6277877662153406;МИР;10/29;Frozen
424762141135715283454;4428297213881236;МИР;06/31;Frozen
424762141135715283454;4247450080204847;Mastercard;01/30;Active
424762141135715283454;5608464172452651;American Express;09/32;Frozen
424762141149039124120;2262630288856340;American Express;11/25;Frozen
424762141164404883846;6288625903778151;Visa;08/26;Frozen
424762141164404883846;6975262220942662;Maestro;01/26;Frozen
424762141164404883846;344240491839681;Visa;10/33;Frozen
424762141164404883846;370447073132610;МИР;09/25;Frozen
265277584863102146625;6625703963594305;МИР;01/33;Active
265277584863102146625;8188147891273118;Union Pay;10/30;Frozen
265277584863102146625;371119164531062;Maestro;08/26;Active
958837605585651283282;2203592898121535;МИР;02/26;Frozen
958837605581490940163;5871508893208659;Mastercard;01/30;Frozen
958837605579104029839;6470365084696173;American Express;11/31;Frozen
958837605579104029839;2200134709666474;American Express;08/26;Frozen
958837605559056878139;373685780397748;Maestro;07/24;Active
958837605519593221023;4563875421476025;МИР;01/26;Active
958837605519593221023;6871399502852972;American Express;08/27;Frozen
958837605519593221023;2203594382569377;Visa;09/24;Active
958837605519593221023;6820006011438100;Visa;08/30;Active
958837605519593221023;345985334678543;Union Pay;01/31;Frozen
958837605557116591558;343674546016104;Union Pay;10/30;Frozen
958837605557116591558;4297676527203484;American Express;03/25;Frozen
958837605557116591558;6581260158440424;Visa;12/25;Active
958837605557116591558;6270637856928832;МИР;01/29;Active
958837605557116591558;6797102325549580;Maestro;09/29;Active
958837605570127028858;2203621876415070;Visa;09/34;Active
958837605570127028858;8197104671406847;Union Pay;09/25;Active
958837605570127028858;4000048486826663;Visa;10/31;Frozen
350431192589159562589;2203105858744335;Maestro;02/32;Frozen
350431192589159562589;6296739253785599;МИР;02/32;Frozen
350431192589159562589;6297159055573078;Maestro;10/26;Active
350431192589159562589;5426206078832225;Union Pay;08/30;Frozen
350431192589159562589;8164639088780325;American Express;03/26;Frozen
350431192511598584067;2203457901743396;МИР;12/25;Active
350431192511598584067;4067540303869165;Visa;08/27;Frozen
350431192546774200256;4006143284037433;Maestro;01/26;Frozen
350431192546774200256;6254151543308382;American Express;04/25;Active
350431192546774200256;4874080421913283;American Express;08/33;Frozen
350431192546774200256;5748052122868158;American Express;06/32;Frozen
350431192562075531705;2202702024890066;Mastercard;10/31;Frozen
350431192562075531705;379368311181295;Union Pay;01/28;Frozen
350431192562075531705;5578614122836538;Mastercard;04/24;Frozen
350431192562075531705;6422873295401399;Union Pay;05/34;Active
350431192563999275774;8146806830681985;Union Pay;12/33;Frozen
350431192563999275774;370946810327417;American Express;04/26;Active
350431192563999275774;4987028322941998;Mastercard;12/30;Active
350431192563999275774;2266942498045754;Visa;03/25;Active
692150271278723898311;4212365409477844;МИР;03/27;Frozen
692150271278723898311;4337988477756573;Mastercard;09/31;Active
692150271278723898311;2280715664324159;Union Pay;05/26;Active
692150271278723898311;6245507570303772;American Express;03/26;Frozen
692150271278723898311;2203535824650879;Visa;02/27;Frozen
692150271222510377979;347277282639885;Mastercard;05/30;Active
692150271222510377979;378604807103307;Visa;05/29;Frozen
692150271274014569403;8185363660900087;Visa;08/34;Frozen
692150271274014569403;4338871581163903;Mastercard;05/27;Active
692150271274014569403;6243804957605966;Mastercard;10/26;Active
692150271274014569403;2201651350854033;Maestro;09/29;Active
692150271297684948969;347015713438182;American Express;02/33;Frozen
692150271297684948969;6499411870086745;Union Pay;04/27;Frozen
692150271297684948969;376307733683648;Visa;10/26;Frozen
540175108047933161749;2200941869861855;МИР;10/27;Active
540175108047933161749;2225195161058741;Union Pay;01/31;Active
540175108060614322180;6003644561910463;Union Pay;06/30;Frozen
708643753934725763887;340654472317455;Visa;03/26;Frozen
708643753934725763887;5202996030955920;Mastercard;11/30;Frozen
708643753934725763887;6226994540728739;МИР;09/26;Active
708643753934725763887;345056670887112;Visa;12/27;Frozen
217151891193482467336;6502291218622103;Mastercard;08/26;Active
217151891193482467336;374281687367072;American Express;07/32;Frozen
217151891193482467336;4652732171191639;American Express;09/32;Active
217151891199087640712;341431446987559;Visa;03/27;Frozen
217151891199087640712;2417327237614466;Union Pay;04/26;Frozen
217151891187983173345;6204346689127577;Visa;02/26;Active
465191497945800390141;2203657162016032;Union Pay;03/31;Active
465191497945800390141;5187533047146059;Union Pay;03/31;Active
465191497945800390141;371321235804946;American Express;04/29;Active
465191497945800390141;2200223452466974;American Express;02/34;Frozen
465191497945800390141;8126517021413179;Mastercard;06/34;Frozen
465191497997300280051;2202484009021914;Visa;04/24;Frozen
465191497997300280051;2204745044324960;Mastercard;07/24;Frozen
465191497997300280051;6513068546536644;Mastercard;08/26;Active
465191497981610437447;4536779248016440;Maestro;05/32;Active
465191497981610437447;8116050673527353;Maestro;05/29;Active
465191497981610437447;375838272457839;Visa;12/30;Active
465191497981610437447;4991282819551349;Union Pay;09/24;Frozen
465191497946090506361;5839155446567511;American Express;12/28;Frozen
465191497925072632280;4242250668168686;Maestro;01/29;Frozen
465191497925072632280;5697628831866012;Maestro;01/26;Frozen
465191497921222690146;5857599377648195;American Express;12/32;Frozen
465191497921222690146;4513046778513007;Union Pay;06/33;Active
465191497921222690146;2200090871259953;Maestro;02/26;Active
465191497921222690146;4142116626273580;American Express;03/33;Frozen
465191497998092536384;2200764973496396;Mastercard;02/26;Frozen
465191497998092536384;2287284252245667;American Express;04/25;Frozen
465191497998092536384;342100265067962;МИР;06/27;Frozen
465191497958350262840;2200577318460350;American Express;10/30;Frozen
465191497958350262840;373529337145640;Mastercard;01/25;Active
366857226167224189820;6299537993862901;Maestro;03/30;Active
366857226112508296532;376595964641059;МИР;09/31;Active
366857226112508296532;2200866446206110;Union Pay;04/33;Active
637601390984171383232;6208019773376717;Union Pay;11/30;Frozen
637601390984171383232;2204535559401687;Visa;06/27;Active
637601390984171383232;2204469669432954;Maestro;05/32;Frozen
637601390984171383232;2200377168788780;Union Pay;01/28;Frozen
637601390984171383232;2201570097874650;Union Pay;11/31;Frozen
637601390950967810269;4823726262258657;Maestro;09/32;Active
637601390950967810269;5619644161623423;Maestro;04/31;Frozen
637601390950967810269;6292217141548093;Visa;02/25;Active
637601390950967810269;2201405527912475;Maestro;12/25;Active
637601390971402101472;340163926014155;Union Pay;01/34;Active
637601390971402101472;373002222105913;Mastercard;12/30;Active
637601390946944483259;6264740164932658;Union Pay;09/28;Frozen
637601390946944483259;2202898245746861;Union Pay;03/32;Active
637601390946944483259;343611717126197;American Express;12/33;Frozen
637601390946944483259;346004400849522;Maestro;09/26;Frozen
637601390953593348756;2702811729105590;Visa;09/24;Frozen
637601390953593348756;2338166901006377;Mastercard;12/24;Frozen
637601390953593348756;6466763964817974;American Express;04/34;Frozen
637601390953593348756;2202397070914421;Mastercard;05/28;Active
637601390963887292628;340291702464193;Maestro;09/31;Active
637601390963887292628;348018411350237;Union Pay;03/26;Active
637601390919330933308;2241724168259679;Visa;03/31;Frozen
637601390919330933308;348973606168481;Visa;12/30;Active
637601390919330933308;372366179991083;Visa;06/25;Active
654038104767636790819;2201546441032310;Maestro;12/24;Active
654038104715489330872;6080600478131359;Visa;10/29;Frozen
654038104715489330872;2202871738746011;American Express;02/24;Active
442171997169495391347;6283775813110287;Mastercard;04/28;Active
442171997114879985190;376298085298897;МИР;12/32;Frozen
442171997114879985190;6409504502017788;American Express;03/32;Frozen
335406262689477301219;6368326334072503;Visa;05/28;Frozen
335406262689477301219;2204226822100278;Maestro;02/30;Frozen
335406262689477301219;2258983092331802;Maestro;05/32;Frozen
335406262689477301219;5850592783469576;Maestro;10/25;Active
335406262689477301219;2715168435834921;Mastercard;05/25;Active
335406262684339286446;6639745073503845;American Express;09/28;Frozen
335406262684339286446;5779045653123201;Mastercard;03/31;Frozen
335406262684339286446;5577340991570534;Union Pay;06/26;Frozen
335406262684339286446;6028942484101710;Maestro;11/28;Active
335406262684339286446;6242551914636193;Union Pay;09/32;Frozen
282813221613823780904;4050439584303243;Visa;11/26;Active
282813221613823780904;8134497768038358;American Express;01/31;Active
282813221613823780904;8129660449079060;Visa;10/32;Frozen
282813221663124730465;2719855913455171;Union Pay;01/25;Frozen
282813221663124730465;2399617384374969;Union Pay;09/34;Frozen
282813221663124730465;2201307737153330;Mastercard;05/29;Active
282813221685839020166;6164728279069293;Visa;10/24;Frozen
282813221685839020166;2203678811713555;Maestro;12/32;Active
282813221685839020166;8105414500444955;Visa;04/33;Active
282813221682057254270;4713299985660784;American Express;11/25;Frozen
282813221682057254270;4968122259124539;Maestro;08/25;Active
282813221680616881585;8130639751582926;Visa;11/30;Frozen
282813221680616881585;345928041287414;МИР;04/27;Active
282813221680616881585;373794556391982;Mastercard;01/29;Active
497071064969749858467;2590519953485357;Mastercard;01/28;Active
497071064969749858467;2204893022124331;Visa;03/32;Active
497071064919650509696;2202485729963947;Mastercard;12/28;Active
497071064919650509696;5305587643082032;МИР;01/32;Active
497071064919650509696;6709099510613816;МИР;07/26;Frozen
497071064988174549064;6344235680365339;Visa;10/33;Active
497071064988174549064;346846580223658;Visa;05/31;Frozen
497071064988174549064;8199193146424566;American Express;09/33;Frozen
497071064988174549064;5570921366897565;Maestro;09/27;Frozen
497071064988174549064;8112095578170258;Union Pay;06/27;Frozen
497071064970575344885;5710111622739568;Mastercard;06/28;Active
497071064970575344885;6366280845756744;American Express;04/24;Frozen
497071064970575344885;347386526384503;Mastercard;04/25;Frozen
497071064970575344885;6177281529492837;Visa;06/32;Frozen
497071064970575344885;2203196616972185;Union Pay;05/25;Frozen
497071064926282671419;8161100248912855;American Express;10/29;Frozen
497071064926282671419;8159744279138585;Union Pay;06/27;Frozen
497071064973605364031;2254816525255863;Visa;04/26;Active
497071064973605364031;2201328301900096;Union Pay;02/30;Frozen
497071064973605364031;6544096930397052;Visa;11/31;Active
497071064977823592943;8176389238001414;Union Pay;12/30;Active
497071064977823592943;6559133696056101;МИР;04/30;Active
497071064977823592943;8136309102450207;Maestro;02/29;Frozen
995026550885394483334;6233780427630440;American Express;12/30;Frozen
995026550885394483334;6926351866928067;Maestro;03/33;Active
995026550885394483334;6467537948168160;Maestro;08/29;Frozen
995026550885394483334;8118580347507637;Union Pay;09/25;Active
995026550861638256025;6259232260574227;Maestro;02/26;Frozen
995026550861638256025;5615842539502683;Mastercard;06/31;Active
995026550861638256025;6992949901868104;American Express;09/34;Frozen
995026550861638256025;2385168991395449;Maestro;10/31;Active
396793587876104441412;8125700693992370;Visa;08/32;Active
396793587876104441412;6592771430960739;Visa;11/30;Frozen
396793587876104441412;2204548136260385;МИР;10/33;Frozen
396793587876104441412;8102120125303574;Maestro;09/34;Active
396793587876104441412;6229264996140525;МИР;12/29;Active
396793587843281404669;8119124900398677;Maestro;12/30;Active
823002508245577279323;6961840415274342;Maestro;06/29;Active
823002508245577279323;2264815986144259;Visa;02/32;Frozen
823002508245577279323;342129754512089;МИР;11/32;Active
823002508245577279323;4003174794449407;МИР;06/30;Active
823002508245577279323;345386061473853;American Express;05/25;Frozen
823002508272802785824;2571341161483394;American Express;06/31;Active
823002508214840761741;6257778224585347;МИР;02/32;Frozen
823002508235649759355;4451652517269951;Maestro;11/31;Frozen
823002508235649759355;4210045458693028;Visa;07/34;Active
823002508233981332093;371690167355915;Mastercard;08/24;Frozen
823002508233981332093;2400932246857649;Maestro;12/33;Active
823002508289326771726;2200091031103552;Mastercard;05/32;Active
572926750823655398391;347617019109530;Union Pay;03/25;Active
572926750823655398391;4574753106670179;Visa;02/32;Active
822903341543642752357;4651483399454919;American Express;06/34;Active
822903341543642752357;2201735771246471;Mastercard;08/25;Active
822903341591768914405;2235438411073922;Mastercard;09/29;Active
822903341591768914405;2200424740224965;Mastercard;01/30;Frozen
822903341537393997906;349762771477648;Maestro;09/24;Active
822903341537393997906;2204865803879622;Visa;07/31;Active
822903341537393997906;343720365061513;МИР;06/29;Active
822903341538606573575;8145156337213887;American Express;05/25;Frozen
822903341538606573575;2200061376553455;Maestro;03/28;Frozen
822903341538606573575;2204105461185222;Visa;08/27;Frozen
822903341538606573575;2282365237244993;American Express;03/33;Active
822903341538606573575;4444586791951753;Union Pay;09/26;Active
822903341563801531315;6667262811996476;Maestro;08/27;Active
822903341563801531315;379719745480077;МИР;05/27;Active
822903341563801531315;2719822293983743;МИР;05/25;Frozen
822903341563801531315;6102306685856929;Visa;07/34;Frozen
822903341563801531315;4934215530939997;Union Pay;07/30;Active
470435699541030840823;4733577129009133;Mastercard;09/28;Active
470435699541030840823;6231308479967502;МИР;04/25;Frozen
470435699541030840823;2202343555731203;Union Pay;04/25;Active
470435699541030840823;2203456491948613;Mastercard;12/31;Frozen
470435699524292066057;379322821308690;Maestro;05/34;Active
470435699583378846374;2717188080450342;Maestro;07/32;Frozen
470435699543039728661;4212440519905859;Union Pay;06/31;Frozen
470435699543039728661;5137454634313112;Union Pay;09/31;Frozen
799952851991258896713;6962000389185185;Visa;03/27;Frozen
799952851991258896713;340060068848673;Maestro;06/24;Frozen
799952851991258896713;4367769215048546;Union Pay;12/28;Active
811911983783848507016;2201896472841992;Mastercard;12/27;Frozen
811911983783848507016;2203710989460832;Visa;10/30;Active
811911983783848507016;4129992592636100;МИР;06/32;Frozen
811911983783848507016;379701417840564;Mastercard;06/28;Frozen
811911983783848507016;5418642467532036;Union Pay;04/29;Active
811911983724739330192;2224500306824033;Union Pay;06/31;Frozen
811911983792106286125;2203404741874551;Visa;12/31;Frozen
811911983792106286125;2354721061270764;Visa;12/28;Frozen
811911983792106286125;6857819343785527;Mastercard;05/33;Frozen
811911983792106286125;6202318128941639;МИР;05/25;Active
811911983743649462280;6268596856377008;МИР;04/32;Active
811911983743649462280;2233510105994258;Mastercard;08/29;Active
811911983743649462280;4242451852148225;American Express;10/27;Frozen
811911983753344612397;2201212939438713;МИР;10/34;Frozen
811911983753344612397;2363212332687241;American Express;10/25;Frozen
811911983753344612397;2204015363388818;American Express;09/27;Frozen
811911983753344612397;4694059160731542;Visa;09/26;Active
811911983753344612397;2518323257224417;Mastercard;06/34;Frozen
811911983735733616797;2203422389629202;Maestro;05/27;Active
248016497087713694786;348058734664484;Union Pay;07/30;Frozen
248016497061245846792;2200072924032413;Maestro;05/32;Frozen
248016497061245846792;6221197848870584;МИР;03/25;Frozen
248016497039316484381;5384336013911998;Mastercard;10/30;Active
248016497039316484381;5096502216178664;МИР;10/27;Active
248016497074252677408;4938114539439123;МИР;10/31;Active
248016497074252677408;2488023642797251;Maestro;08/27;Active
248016497074252677408;341910314411636;Mastercard;08/26;Frozen
248016497074252677408;2203041304922227;Visa;07/25;Frozen
248016497085172336864;376170646532926;Union Pay;09/34;Active
248016497085172336864;2202224391483474;Visa;08/32;Active
367041114779681781650;8183007131365295;Mastercard;03/31;Active
367041114779681781650;373727556419486;Union Pay;09/30;Frozen
367041114779681781650;2200606961592340;Maestro;12/25;Frozen
367041114779681781650;5217457961818028;Visa;03/27;Frozen
367041114779681781650;2202600040800202;Visa;11/33;Frozen
367041114746185362239;2275317409021591;МИР;06/27;Active
367041114746185362239;8104556945748654;Maestro;10/27;Active
367041114746185362239;2204754185212273;Union Pay;11/28;Frozen
367041114746185362239;4087130229145159;Mastercard;06/33;Active
367041114746185362239;345712943631089;Visa;09/28;Frozen
367041114750876256423;5150441517659242;Union Pay;09/32;Frozen
367041114750876256423;6505833826818305;Union Pay;09/29;Frozen
367041114715331293896;372807492309305;МИР;12/29;Frozen
367041114715331293896;5390051655201598;American Express;12/30;Active
367041114715331293896;4749164553671951;Union Pay;02/27;Frozen
367041114756860212330;2248642276669147;МИР;10/32;Active
367041114723502717744;6264149012860386;Union Pay;01/27;Active
367041114723502717744;374434814868674;American Express;02/28;Frozen
367041114723502717744;379255150841271;Maestro;11/33;Active
939962603694544665868;341850235789316;American Express;10/30;Frozen
939962603694544665868;376571620876074;Union Pay;10/28;Frozen
939962603694544665868;349844413185142;Visa;10/33;Frozen
939962603694544665868;340726187363261;American Express;07/33;Frozen
939962603694544665868;340105042501110;Maestro;06/34;Frozen
939962603633012163128;340565246584016;Visa;03/28;Active
939962603633012163128;2201970253829011;Union Pay;07/32;Frozen
939962603633012163128;6298789791491901;Mastercard;12/27;Active
939962603685782741459;6210636650320413;Maestro;06/29;Active
939962603685782741459;8153463127856035;МИР;02/27;Frozen
939962603685782741459;2204318146263344;Maestro;08/32;Frozen
939962603685782741459;4613659424886269;American Express;01/28;Active
939962603696308417190;2202628117060038;Visa;08/34;Frozen
939962603696308417190;2204087918499069;Maestro;03/26;Active
939962603637427220249;2204229768410172;МИР;05/27;Active
591103137398172785739;341978806496951;МИР;09/26;Active
591103137398172785739;2201518766753267;American Express;02/31;Frozen
591103137377532129968;376344259672903;Union Pay;06/26;Active
591103137377532129968;2223141181557744;Union Pay;03/31;Frozen
591103137337157406723;4461739490298632;Mastercard;06/26;Frozen
591103137337157406723;4747392420350952;Visa;04/27;Active
591103137337157406723;4463509596090342;Mastercard;06/31;Frozen
591103137337157406723;6263906468570590;Visa;12/28;Active
591103137337157406723;5155294281492125;Maestro;11/28;Frozen
591103137395692289478;6081750034319615;Visa;06/28;Frozen
591103137395692289478;4464357612918503;Mastercard;05/32;Frozen
591103137395692289478;4052906210326507;American Express;12/25;Active
517919093630451693946;6877642749363012;МИР;01/34;Frozen
517919093630451693946;8171912043355918;Union Pay;02/28;Active
517919093630451693946;344915649412420;Union Pay;02/31;Active
517919093630451693946;2306278657490255;Visa;11/27;Frozen
517919093630451693946;2200109489904188;American Express;03/25;Active
912153924393352360812;2330846442957422;МИР;08/32;Active
912153924393352360812;341285205421162;Visa;01/33;Frozen
912153924393352360812;8177171952282936;Mastercard;06/33;Frozen
912153924393352360812;4670848147449311;Visa;10/28;Frozen
912153924393352360812;370147194089422;Mastercard;02/32;Active
912153924364944469203;2282190595105085;Visa;11/30;Frozen
912153924364944469203;6318351619490023;Union Pay;08/33;Active
912153924364944469203;342225346351380;Union Pay;10/29;Active
912153924364944469203;6355733834185252;МИР;06/32;Frozen
912153924394856301352;2201110399917673;Mastercard;08/34;Frozen
912153924394856301352;4984334894428734;Maestro;05/26;Frozen
912153924394856301352;2201412113241004;МИР;02/32;Active
337421128034337974473;8164259621833133;American Express;12/32;Active
337421128034337974473;2204520726181784;Union Pay;04/29;Active
337421128049656436436;8141713107410764;Union Pay;07/28;Active
337421128049656436436;2204426532197826;American Express;03/31;Frozen
337421128049656436436;8167816097266044;Maestro;06/28;Active
337421128049656436436;345156481651523;Mastercard;11/26;Frozen
337421128049656436436;4423775767172248;Visa;03/26;Frozen
337421128016625065210;2223227106289792;Maestro;03/30;Frozen
337421128016625065210;2202125980189978;Visa;02/25;Frozen
337421128016625065210;2202494903743810;Mastercard;04/32;Frozen
337421128016625065210;4529444315124945;МИР;04/27;Active
337421128050366690812;5948722300550921;Visa;12/28;Frozen
337421128058748926847;6216409384981528;Visa;07/34;Frozen
337421128058748926847;6738912276370139;American Express;10/24;Frozen
337421128058748926847;8188316843082949;Maestro;12/32;Frozen
337421128058748926847;2201863970711150;МИР;05/29;Frozen
337421128058748926847;4558654510200266;Visa;06/25;Active
247842412092870237418;6420156345343304;Mastercard;08/25;Frozen
247842412092870237418;8116125210477575;Union Pay;05/28;Frozen
247842412092870237418;4150186227076996;American Express;11/29;Frozen
247842412092870237418;8100891979171489;Union Pay;02/26;Frozen
247842412083748563703;5157728320831262;American Express;02/31;Frozen
247842412083748563703;342900791367988;American Express;12/23;Active
247842412083748563703;2201344908322543;American Express;01/29;Frozen
247842412083748563703;4994243452932490;Mastercard;05/32;Active
247842412083748563703;6225436108093313;Visa;01/29;Active
796862105013240907815;2202820920265462;Union Pay;02/30;Active
796862105051102351881;375257436234119;American Express;03/31;Frozen
796862105051102351881;4613856900779402;МИР;06/33;Active
796862105051102351881;4780818445022778;American Express;10/28;Frozen
796862105051102351881;374275371970225;Visa;11/30;Frozen
796862105051102351881;2202565889453571;Union Pay;03/25;Frozen
796862105015017452376;2705522934128049;Union Pay;08/33;Frozen
796862105011146590130;348522219517590;Maestro;12/32;Active
796862105011146590130;4048713625420736;МИР;10/29;Active
796862105011146590130;6312339337070587;Union Pay;01/26;Active
796862105011146590130;2381659360731234;Union Pay;12/24;Active
796862105011146590130;8160691337774058;Maestro;08/27;Frozen
938906642760208795931;5646076243454294;МИР;03/28;Active
938906642760208795931;2703419176320016;Maestro;07/29;Active
938906642760208795931;6953734267085627;МИР;10/33;Frozen
938906642760208795931;344458867867959;Mastercard;08/27;Active
938906642724933572503;345273685575273;МИР;05/25;Frozen
938906642711008547440;2202717337663695;МИР;07/30;Frozen
938906642711008547440;6281550049120240;Visa;07/30;Active
938906642711008547440;8123154397265323;Visa;11/26;Frozen
938906642795958307710;4723787821850641;МИР;05/26;Active
938906642795958307710;2715108977753832;American Express;09/31;Active
462408253755589928235;8180983487092662;American Express;06/33;Frozen
462408253755589928235;8138366404556170;American Express;04/34;Frozen
530680025352008893600;2202505082496779;Union Pay;10/32;Frozen
530680025352008893600;6315332472503675;Mastercard;01/28;Active
530680025352008893600;6262996621000321;МИР;10/25;Frozen
530680025379366310245;5001578169824680;Visa;07/28;Frozen
530680025379366310245;2204960638896006;Visa;08/31;Active
530680025379366310245;2708869555681427;American Express;10/29;Frozen
530680025379366310245;8130984729976093;Visa;11/32;Frozen
530680025379366310245;2363136564798808;Mastercard;07/33;Frozen
530680025363621587706;2204084333455024;Union Pay;12/25;Active
530680025363621587706;372527521626087;Union Pay;06/32;Active
530680025363621587706;2512229706616366;Union Pay;02/25;Active
123520296871883982329;6949930393922306;МИР;05/30;Active
123520296871883982329;344693633817140;American Express;11/25;Frozen
123520296886651261918;8136749921081289;МИР;07/34;Active
123520296886651261918;6281647208634902;Visa;03/31;Active
123520296886651261918;4401231856862352;American Express;01/27;Frozen
580681840183703673706;6343709081780347;Visa;05/30;Active
580681840183703673706;6638940106932688;American Express;04/28;Active
580681840183703673706;376567521988588;Maestro;12/33;Active
580681840183703673706;6665107626977892;American Express;02/27;Active
580681840183703673706;2717334694528384;Union Pay;12/31;Frozen
580681840120618186035;2246292362158290;Maestro;07/24;Active
580681840120618186035;2202841375429676;Visa;08/28;Frozen
580681840120618186035;6233382170827834;American Express;12/25;Active
580681840120618186035;6729627324548384;American Express;06/29;Active
580681840120618186035;6660725106151178;МИР;03/33;Active
580681840117426671605;5361144156976092;Mastercard;12/26;Active
502311850389314155279;2200288905272337;Union Pay;04/34;Active
502311850312667078524;6218408446041113;Union Pay;03/29;Frozen
502311850336854093537;5915590803651077;МИР;09/29;Active
502311850336854093537;4693839508394348;Maestro;10/33;Frozen
502311850375325662671;2203048057628877;МИР;07/25;Active
502311850375325662671;2201715444281147;Visa;09/29;Active
502311850375325662671;346445314703901;American Express;08/24;Frozen
502311850375325662671;376216110214549;Mastercard;03/32;Frozen
502311850382591013387;2622487315820681;Visa;05/30;Frozen
502311850382591013387;4050537276019900;МИР;12/29;Active
502311850382591013387;5030043671876707;Mastercard;04/26;Frozen
502311850382591013387;5717073473874808;American Express;11/33;Active
502311850328202831376;345721904422487;МИР;11/27;Frozen
528622864258410967212;2200131585661108;Mastercard;10/28;Frozen
528622864258410967212;6268057930697887;Maestro;06/34;Frozen
528622864258410967212;6651926137298118;Maestro;05/25;Frozen
528622864258410967212;4699771973544459;Visa;01/34;Frozen
528622864279781875032;5665344929456025;American Express;12/29;Frozen
528622864279781875032;8154974674503332;American Express;11/30;Frozen
528622864279781875032;4447825647497729;МИР;12/28;Frozen
528622864279781875032;5294835303824950;Maestro;12/29;Active
528622864225164200673;347134572840717;Visa;04/28;Active
528622864225164200673;8184883818521205;Visa;11/30;Frozen
528622864225164200673;6295100605463735;Maestro;11/30;Active
528622864225164200673;5749186784273056;Maestro;05/28;Frozen
528622864225164200673;4187817937819252;Mastercard;07/24;Active
528622864217226327833;344266523662940;Visa;08/25;Frozen
528622864232366244967;4369318814957216;МИР;02/31;Active
528622864256148342234;4206106347881558;МИР;04/29;Frozen
528622864256148342234;5004898877744468;Maestro;10/27;Active
528622864256148342234;2201137111629443;Visa;08/30;Frozen
528622864264149516964;8192812794121532;Maestro;03/33;Frozen
528622864264149516964;8189381902313576;Mastercard;03/27;Active
528622864264149516964;5968948095078035;Union Pay;08/32;Active
528622864264149516964;2221808986995160;Mastercard;02/29;Frozen
500708289716106498014;2246045947341017;Union Pay;02/33;Frozen
500708289716106498014;2720017785347187;American Express;01/31;Frozen
500708289763394182250;4979739358948448;Visa;07/33;Active
500708289763394182250;4944091167256924;Visa;04/33;Frozen
500708289763394182250;373079394279056;МИР;02/32;Active
500708289763394182250;340366847306606;МИР;08/28;Active
500708289718931921610;2203193596845341;МИР;08/30;Active
500708289718931921610;370912585214008;Union Pay;11/31;Frozen
500708289718931921610;4917367734824409;Maestro;02/34;Frozen
500708289718931921610;8127398409428553;Mastercard;11/29;Frozen
500708289718931921610;2201402392172087;Visa;08/27;Frozen
500708289715726812502;8167434132540470;Maestro;03/29;Active
500708289715726812502;4821874636555416;МИР;09/29;Active
447886252115590376824;2204904421321418;Union Pay;07/31;Active
447886252115590376824;4138449442073306;Maestro;11/28;Active
447886252175157783442;6700726074264854;Union Pay;03/26;Frozen
447886252175157783442;4525483884397882;Mastercard;05/29;Active
447886252175157783442;8199785839764099;American Express;08/27;Frozen
447886252175157783442;6560363051365667;American Express;11/28;Frozen
447886252175157783442;5013883461501408;American Express;05/32;Frozen
447886252130507836038;4397791202531346;МИР;07/32;Active
447886252130507836038;6271003300903864;Maestro;12/33;Active
447886252130507836038;6251339134911705;American Express;08/33;Frozen
447886252130507836038;2202838164644176;American Express;02/32;Frozen
447886252184941328871;5642485534270042;МИР;06/31;Active
447886252157685525816;374713951557004;Visa;10/33;Frozen
447886252157685525816;344620379308836;Mastercard;09/27;Frozen
447886252157685525816;370977156039167;Mastercard;01/26;Frozen
447886252172351907173;372254751284699;Union Pay;06/32;Frozen
447886252172351907173;346206916739150;МИР;03/25;Active
447886252146754654391;8182956789521347;Mastercard;12/32;Frozen
447886252146754654391;371218982829250;Visa;09/24;Active
447886252146754654391;378882997508820;МИР;08/25;Frozen
683880914834310075594;2320940634191395;Mastercard;02/27;Active
683880914834310075594;6853420730880742;American Express;02/27;Frozen
683880914834310075594;2202515700165516;American Express;08/25;Active
683880914866137948162;2204337985475348;МИР;07/29;Active
683880914834572689852;2703096969793466;Visa;05/27;Active
683880914834572689852;342013849532098;Maestro;08/28;Frozen
683880914834572689852;4472236437029433;Union Pay;05/32;Active
683880914834572689852;2378580083851957;МИР;09/26;Frozen
683880914834572689852;4887874988263792;Visa;12/24;Active
683880914845463703692;6153016135983870;Visa;04/25;Frozen
680558287824769700400;5393814603780097;American Express;03/30;Active
964310112813865765617;6261806094118289;Visa;05/30;Frozen
964310112813865765617;373249883695365;American Express;12/27;Frozen
964310112813708067669;5269234612963397;Union Pay;02/30;Frozen
964310112813708067669;4212539286301232;Maestro;02/28;Active
964310112858661081859;6981228389765659;Mastercard;03/28;Active
964310112858661081859;8163692921922282;Union Pay;09/25;Active
964310112858661081859;8136397581557493;American Express;06/27;Active
964310112859802444945;6260175297350599;American Express;08/33;Active
964310112859802444945;4626550527465108;Mastercard;09/25;Active
964310112859802444945;6758201134488985;Visa;10/32;Active
481990040250169797822;8164975651099192;Union Pay;03/26;Active
481990040250169797822;6832892753065003;Union Pay;05/32;Active
481990040250169797822;4582259206040495;Visa;06/32;Active
481990040250169797822;5938241317212633;Visa;03/34;Active
481990040240955247529;4408109051884608;МИР;02/31;Active
481990040262830344880;2201757914673502;Maestro;01/34;Frozen
481990040262830344880;4499079904523747;Visa;11/28;Frozen
481990040262830344880;378127917397395;Maestro;04/27;Frozen
