695700320061086061331;9fc3516a-8d01-4bd5-aea5-ec7b8d16e5da;2024-01-10 19:14:35.403217;28260;Когалым
695700320061086061331;96dbd269-2429-4774-9d36-45abf91ad6e0;2024-09-30 23:56:22.878889;31360;Шилка
695700320061086061331;38db7df0-3abb-47f0-a5df-90bee375fe39;2024-06-07 14:25:08.955576;43073;Нижнекамск
695700320061086061331;6e3df532-33d2-4c06-9a62-6c98c4078b01;2024-04-07 08:18:03.089790;18490;Пятигорск
695700320061086061331;d091ff71-5a3a-49d7-b374-4f3cdeae1bfb;2024-02-02 07:57:39.165806;255501;Октябрьское (Хант.)
695700320061086061331;cba22301-6379-4cdd-b3eb-ebce5b8f4ceb;2024-10-06 02:54:55.343424;33217;Витим
372350035599643657592;4cfcde73-c363-44df-b77c-c53fddfa8c18;2024-01-27 08:59:19.218712;45284;Усть-Катав
372350035599643657592;d4e3ca7f-4537-4ca8-8a79-84717a22abaa;2024-08-26 12:54:12.844424;372096;Орел
372350035599643657592;a85dc4ba-566c-41ff-9ae0-a71d67fe0475;2024-05-02 13:36:07.821232;33651;Руза
372350035579552867294;2f659160-7cd8-4a70-bc02-1149c146b233;2024-08-17 10:40:44.204440;21300;Екатеринбург
372350035579552867294;f4721207-9bd6-4d35-ba1f-ea40037c7eb3;2024-04-16 03:29:31.823827;42527;Серпухов
372350035579552867294;3a98e17f-f9e9-46af-aa0e-77dc032a2a0c;2023-11-26 03:29:09.467330;4454;Гусь-Хрустальный
372350035579552867294;12513d41-6dea-43d6-9258-22d1065727b6;2024-02-02 00:49:05.855095;33696;Забайкальск
372350035579552867294;5d327a53-c6d8-4101-a330-01271e195060;2024-04-29 08:55:31.165712;406043;Льгов
372350035579552867294;b226ee50-cdf6-43fd-a165-e9672aa53930;2024-02-19 18:54:50.405180;13368;Красноуфимск
372350035579552867294;687d8f96-f43b-44e6-8f7f-371ec7a9230b;2023-12-04 19:19:14.363892;17052;Плес
528745814142295829286;1d071c2a-46ee-4c5a-81f2-789d38977989;2024-09-24 13:02:43.750648;8986;Саров (Морд.)
528745814111260233540;2ce7e049-efec-4f29-b047-6db2aa03163e;2024-05-11 10:23:55.332371;15729;Рославль
528745814111260233540;1246decd-e652-433c-acee-81632740e633;2024-02-06 22:46:28.887084;38430;Кашхатау
528745814111260233540;b7e3b8bf-c58d-4156-88f9-3a9eb4b3e20c;2024-10-06 00:05:27.396423;29656;Оймякон
528745814111260233540;64c3c413-d35b-4b52-aaf5-291986f49731;2024-08-03 13:04:53.780059;102879;Анива
528745814111260233540;9b95c809-5b31-475f-93af-0f1ea752d2b7;2024-03-19 21:41:30.957082;4253;Химки
528745814111260233540;041978cf-5770-46ed-9270-3e8cb631661a;2024-07-25 14:33:54.365157;36411;Токма
528745814112001908411;e5016577-df16-4ff1-89c0-77192a448ea0;2024-02-20 13:00:01.373975;1490;Чита
528745814112001908411;82cf4912-38d0-4036-a1a2-fa4b8f60545a;2023-12-18 16:19:22.797262;39688;Соликамск
528745814118466538128;d2d713d1-eda0-4868-8e1b-4ecd3ad00955;2023-12-22 01:43:11.996250;26466;Северодвинск
528745814118466538128;023c3e3f-79b7-4a20-9fa7-6b59b2e97c45;2024-02-21 01:12:26.735922;3254;Токсово
528745814118466538128;c3fecf05-e5f2-4a49-b53d-6048ba59af11;2024-03-22 17:03:27.915139;39803;Оленек
528745814118466538128;b8f7330c-08dc-4130-b0ce-2cd22162c5a6;2024-01-08 12:44:52.912652;26310;Усть-Ордынский
528745814118466538128;660acef9-9a45-4238-8a29-55b5c34e90c0;2024-04-12 08:10:30.197182;4058;Гаврилов-Ям
528745814118466538128;476c95a9-cde1-45d1-847e-4482845b9aa2;2024-08-04 12:41:15.949451;39677;Губаха
528745814118466538128;9fc13cd6-26db-4aeb-8c1f-dfdc8ec27518;2023-11-16 02:13:33.515546;38010;Радужный
528745814118466538128;c4650ae1-dcdc-4ee6-ab3b-69c651685f88;2023-10-31 05:24:19.406265;43871;Дубна
528745814118466538128;9422b754-b81f-4961-a40e-51c363a88239;2023-12-09 10:10:26.869478;36120;Эльтон
409425504099359836192;94a650b4-feb9-493f-8789-a826f81e0d6b;2024-01-15 22:45:26.270300;31469;Ирбит
409425504099359836192;1b45f613-f6f8-4f44-957d-ea7b1050e8f6;2024-09-04 08:31:00.048490;14235;Норильск
409425504099359836192;b26e1b7a-8812-47c2-a344-95fd9096232c;2024-08-29 12:14:04.984171;31357;Ачхой Мартан
409425504099359836192;23eee27a-159b-4340-a128-fd24ed12c0cd;2023-12-14 10:00:02.553210;28056;Мичуринск
409425504099359836192;2cd74e43-274f-4f8e-9254-b05161f72b50;2024-06-19 08:10:14.478505;4091;Печора
409425504099359836192;216145eb-bede-422c-8375-af499ac97231;2024-06-08 02:28:23.911940;34857;Торжок
409425504099359836192;18e119df-dd0b-4fbf-9291-8efb426e8edc;2024-10-19 20:34:38.288915;25175;Кяхта
409425504027651360741;6b8c159b-ef1c-494d-9601-7e877f7c0f61;2024-05-20 15:10:09.964423;39413;Красноуфимск
409425504027651360741;efee6335-dcfe-49b7-8372-725711271c3b;2024-09-30 22:38:30.089096;17155;Красноуфимск
409425504055630268008;5026c098-dbdc-4c73-a1bd-cbec9ad11f63;2024-02-05 23:49:21.247133;9395;Воркута
409425504055630268008;cfb82364-6bfc-4348-9adc-467481c1080f;2024-03-12 08:12:59.822162;23164;Чусовой
409425504055630268008;0daf1fe6-9da6-4bef-9852-7942078fab1e;2024-08-28 19:08:44.448234;43592;Кунгур
409425504055630268008;c76b3cd3-72cb-4167-a20f-8f224c6fdb78;2024-04-09 12:00:46.266123;30176;Гаврилов-Ям
409425504055630268008;1cc8f1ab-ccbe-4819-afcc-b97e72a35f6e;2024-02-17 02:13:34.539213;41781;Астрахань
409425504015751786794;f77293d8-1522-4715-85a4-e9208bf7a7be;2024-04-06 08:48:58.861252;14999;Верхний Баскунчак
409425504015751786794;55d5c952-5b19-4788-b5ce-a5b3fc827fd1;2024-09-25 05:55:51.179651;44689;Мончегорск
409425504015751786794;ada049d5-e794-42d0-8086-9814072a90ff;2024-09-30 09:11:53.137619;35628;Учалы
409425504015751786794;c6d2af5d-fc06-471e-ad14-d9f5d13a9914;2023-12-06 07:07:43.634623;27177;Кунгур
409425504015751786794;64f24b31-2a20-4fe4-be17-8db552c41df9;2024-04-23 04:17:10.476285;14658;Ямбург
409425504015751786794;254d7231-9a9c-4517-a3ee-d7af8ab23339;2023-12-11 22:11:52.857501;45987;Кемерово
409425504015751786794;2fafabb0-98a4-4a03-b94c-956b63933af1;2024-04-14 11:08:47.200226;30156;Геленджик
409425504015751786794;51a141ed-5bf0-4c9b-9d4a-44d67b7b2be5;2024-02-28 01:07:18.433114;8007;Белгород
409425504015751786794;4a81c3f8-d8f5-4045-9401-16e3422b35b0;2024-07-25 09:44:12.949179;12380;Голицыно
409425504015751786794;8f4d9999-2ae2-4983-8fe2-7ecbf63ab752;2024-07-19 23:10:47.102176;33069;Череповец
409425504020990329762;e462e89e-bb08-4f15-b1ac-7485cb91aab6;2024-10-12 05:02:56.588807;44755;Змеиногорск
409425504020990329762;b5a5054d-f3dd-40fa-863d-4f2c8681efaa;2023-12-15 12:40:32.028982;5495;Оленек
374823166983344034505;b8cfe32c-7120-4ba3-8644-278eae36a77d;2023-11-21 05:19:07.536403;38826;Кунгур
374823166983344034505;7f0eec92-1496-4267-8f8f-740f6cb10a18;2024-09-17 23:17:33.937661;30513;Кабанск
374823166983344034505;2df4da53-cd67-4553-abf0-c5a8a9420c41;2024-05-31 15:56:04.842409;26209;Ишим
374823166983344034505;016db283-f732-4028-a469-3024522e6274;2024-05-30 04:49:19.181212;38854;Урус-Мартан
374823166983344034505;df21c282-c49a-4989-90b8-b67ae08c078a;2023-12-20 01:40:01.036855;304938;Таганрог
374823166983344034505;7520787b-b02a-44aa-b380-a057e1a2b67a;2023-11-27 04:38:34.038386;365747;Амурск
374823166968084164657;4641510d-144c-425d-9e7d-77344ca7ec61;2023-10-26 23:35:53.209256;24542;Карачаевск
374823166968084164657;1fe745cf-9e0a-4fc7-8209-77b86db683b5;2024-06-19 23:49:19.903198;40513;Миллерово
969232613664245363923;cb07d350-b562-47c3-9a95-e2223fc36836;2024-09-04 22:50:47.535015;37876;Улан-Удэ
969232613664245363923;b7cc5655-9bbd-4897-a1f1-aff851cd3804;2023-11-03 00:14:52.215978;15749;Алдан
969232613664245363923;c5fce0b3-816b-4208-b61c-1d1d5b35bb11;2023-12-05 19:39:11.636940;44030;Шадринск
969232613664245363923;b41c7bf1-d771-4549-b9b2-b1518593383b;2024-09-21 21:40:56.077532;30860;Усть-Камчатск
969232613664245363923;9c26b4d2-c39f-4412-aba4-ef3a795a2f90;2024-01-26 05:21:27.326913;12638;Холмск
969232613664245363923;1b6c0d87-90af-48a6-a768-30fca457b69e;2024-02-04 08:23:50.316463;8053;Приозерск
969232613664245363923;fb44014f-1bfc-48d8-b717-bc7af763425b;2024-05-17 00:52:23.483728;451590;Нурлат
969232613664245363923;5761b6d4-024c-46e8-b691-8c9a82bfe900;2024-05-25 22:16:41.532147;1967;Сасово
969232613664245363923;82737409-e65d-492e-8bb8-a0e2ec86d4ae;2024-09-09 20:43:49.607976;15883;Усть-Джегута
288121379771685947343;98544cb2-6537-4b57-a09e-0c094b6c17e3;2024-01-04 16:51:25.003867;49942;Диксон
288121379771685947343;6718d136-de3b-405d-8690-57bf521d0b85;2024-06-19 21:58:37.175005;24495;Переславль-Залесский
288121379771685947343;b6c7e34d-c255-476d-b890-6ca8aefb3f7e;2024-02-21 00:52:51.901263;16911;Серафимович
288121379771685947343;48d9bdc1-4f15-43cd-8ff3-9c0eae0d8f89;2024-08-18 19:17:09.432846;2547;Калуга
288121379771685947343;a0cf1a76-d502-4687-85e8-683ccd6076c8;2024-09-12 00:40:13.411975;39457;Данков
288121379771685947343;aa732ab1-ee7e-487c-89c0-69f750c356de;2024-02-13 08:37:12.363908;43248;Усть-Кулом
288121379771685947343;dd43f968-c284-4dfb-96a0-9370abda2495;2023-11-17 14:05:11.588858;26478;Обнинск
288121379771685947343;51355850-3ab2-4291-8dc9-ebfc53ff75b5;2024-10-01 19:28:59.149602;31428;Карталы
288121379741551993904;180e0963-590a-46c7-89c6-305f97eb5eac;2024-07-22 16:38:42.615551;30897;Верхний Уфалей
288121379741551993904;4e9a31f9-129c-4906-89bb-7377000cbda9;2023-11-03 23:13:21.686578;16196;Псебай
288121379741551993904;9284c4df-209a-41bf-a820-e17e748d41cf;2024-02-10 09:17:32.038858;28941;Нижнекамск
288121379741551993904;1bd2b242-e560-4bae-8cd6-acbc6ddcab38;2024-02-28 04:27:01.952882;4331;Улан-Удэ
288121379741551993904;f8c92eb9-b116-4fe0-bec8-ed252bd49c72;2023-11-12 19:11:26.485858;23160;Рославль
288121379741551993904;6b74db12-5001-4ca8-9a2d-3db86c6d600f;2024-07-08 11:13:02.375395;23472;Волгодонск
288121379799334998892;6e94e5e9-4b9c-4d84-8a42-33556d158dfb;2024-07-03 10:32:36.175453;23431;Ноябрьск
254836837471098718855;6f8597c6-d8dd-48fd-b08e-1b91194d041f;2024-06-25 16:00:11.957389;35940;Беломорск
254836837471098718855;5d68df8c-e564-4dd5-b140-e0a8d66ad4e8;2024-08-01 14:18:24.941447;28019;Александровск-Сахалинский
254836837471098718855;8bbc2d87-50ec-4c7b-97a8-53fb0bb8e84f;2024-09-10 08:13:19.407758;49051;Елатьма
254836837471098718855;ca0e8cd2-7e67-40bc-a19a-c6db9c255603;2024-03-02 19:49:13.535789;22516;Гремячинск (Бурят.)
254836837471098718855;7fc6d080-ab7e-454c-896a-c1188412c505;2024-06-05 03:55:11.000798;12164;Елатьма
254836837471098718855;28561a4d-6275-4bf0-bb00-657dcd8d3e0a;2024-05-03 12:18:37.675423;3296;Верхний Уфалей
254836837471098718855;d267b1ee-703c-4745-a374-8bef73985e7f;2024-02-06 07:31:26.555723;45140;Кашхатау
254836837471098718855;46a8735b-9630-474b-b155-e05af361aba6;2024-10-16 21:42:13.368039;212631;Снежногорск (Мурм.)
254836837471098718855;3f86400b-00d9-4914-b987-e554171ee725;2024-09-08 04:14:58.310154;38208;Тавда
254836837471098718855;1eadbea9-4d03-47ee-85e3-65bb028b1301;2024-05-28 09:35:59.667099;30650;Серафимович
254836837432889049711;eed1efbd-5532-41a1-b186-736791c41cea;2024-09-19 20:28:26.194132;1334;Кулу
254836837432889049711;7eebcca0-7466-4f55-9545-fccc0cbfdccb;2024-01-16 15:47:21.359142;28381;Каменномостский
254836837432889049711;4bb5e21d-6b63-4192-93b8-ef8a25e3b257;2023-11-16 18:57:52.054892;29275;Ардон
254836837420319838213;59259d6b-6f7a-4d48-a78b-778e36c8e6ca;2024-06-16 04:01:24.084432;22249;Каменск-Шахтинский
254836837420319838213;974d89a0-f281-4d58-8652-e9b79f7862f3;2024-05-20 11:14:07.874860;4096;Шуя
254836837420319838213;5f4964c6-d4f3-411d-b660-e4d5927281b3;2024-09-01 16:33:58.017522;16952;Нальчик
254836837420319838213;5de09d73-4876-45e9-b821-6b5439cfe5e9;2023-12-30 08:15:08.059548;22650;Ханты-Мансийск
254836837420319838213;bbed5823-5f6d-408f-93f3-5efb7e30e424;2024-06-14 10:06:50.968935;24981;Бийск
254836837420319838213;bcec4507-f491-47de-a42f-dfcea5d88ec7;2023-10-27 17:12:38.020668;22710;Урюпинск
254836837420319838213;292e681b-f133-4d15-932b-cae37f38191d;2023-12-26 11:47:54.952203;17175;Малоярославец
254836837420319838213;e3099d7c-e3d5-49b5-85ee-1606486ce3b6;2024-03-26 05:51:24.559939;10613;Белорецк
254836837489015875707;a80b48c9-0d22-49c5-b53f-6c634ffee462;2024-08-18 04:35:28.686674;48969;Серафимович
254836837489015875707;5b918ec2-31fa-4cb0-b18d-4b3fbf0d9d49;2024-07-25 07:38:51.888509;18720;Алагир
254836837489015875707;ba288e97-0946-4567-a580-0a40b49e043b;2023-12-06 16:46:52.577187;26092;Снежногорск (Мурм.)
254836837489015875707;e0eba62b-78db-467e-8c59-3826c20b28af;2024-09-30 17:38:21.914578;26650;Тихорецк
254836837489015875707;8ca51238-0363-482e-bf7d-5b637b046623;2024-04-10 06:41:52.283490;30422;Городовиковск
254836837489015875707;b9c49767-3332-4d77-8949-70d52d972bf5;2023-12-25 02:02:30.623709;14669;Златоуст
216253280619107541581;a1fb5499-ed40-4a31-bf04-be18146b460d;2024-07-09 02:12:18.443263;48168;Петрозаводск
216253280619107541581;e8ece252-90f2-4bd8-be12-908b7d701d9a;2023-12-14 06:44:52.400163;10049;Нижневартовск
216253280619107541581;bbcdfcbf-9d46-4009-a9f9-04702e5de02a;2024-05-26 13:33:33.939143;25414;Нязепетровск
216253280619107541581;94ba0890-d93b-4e9b-9417-f669da35d2cc;2024-05-11 00:29:40.126662;12392;Усть-Ишим
216253280619107541581;70c1defb-a12a-4f25-8a32-e00b6ee47726;2023-11-07 22:44:32.613455;5976;Курган
216253280619107541581;3a1a9193-0b63-42e1-810c-9f24661be3b5;2024-04-11 00:32:51.829650;17421;Партизанск
216253280619107541581;3e5c89b0-0e29-441c-b3c2-80f6a185669d;2023-12-29 07:51:12.394976;16669;Канск
216253280686579106332;796e61a2-a99d-406e-9889-1f506244dfa4;2023-12-11 14:26:29.845452;29409;Билибино
216253280686579106332;1c95a69a-a45a-4a23-85b6-d18878db2857;2024-06-15 05:02:11.933758;28865;Кемерово
216253280686579106332;1a6466a7-59df-4772-b154-88a4bc6e0fa9;2024-07-03 01:56:14.339133;10695;Колпашево
216253280686579106332;2d105a38-96c2-44dd-91da-53e9e723a70e;2024-03-30 10:42:17.297541;20585;Елец
216253280686579106332;e6ee5dcb-f2f7-42c7-bc31-f8c41af535ed;2024-02-15 12:27:38.817483;19925;Тихвин
216253280686579106332;266e7b54-6b19-486a-ae68-8e7e157b5299;2023-12-08 07:23:08.309065;26801;Тосно
216253280686579106332;030abf99-8c78-4f55-8f49-1e638ffeb125;2024-02-16 09:37:06.686104;39418;Сеймчан
216253280686579106332;f679d671-9bc4-4740-9f30-4e5de506d645;2024-05-20 12:59:55.292953;11136;Голицыно
216253280686579106332;2a86a809-11f6-4b22-8d2e-076ca45e8ed3;2024-09-11 00:45:49.730826;14870;Ессентуки
216253280686579106332;6a841206-f2de-447c-9d8d-03b90164b095;2023-12-01 13:21:25.808544;22951;Домбай
976748515467243546329;77ab85a4-f9fc-4f82-a10f-b4d9fe8a7b6d;2024-07-08 15:58:30.632394;31627;Карталы
976748515467243546329;46d26c28-badc-48a2-89cd-3410fb49d1b0;2023-11-14 18:36:31.043811;47290;Северодвинск
647150142786445147923;225aa97f-2940-407c-ad4f-e03fc35f3aaf;2024-06-04 13:05:09.053622;44888;Домодедово
647150142786445147923;827e640e-9e4c-46d5-8fa4-b80484cacb83;2024-08-29 12:44:57.571342;11694;Усмань
647150142786445147923;985bb733-9dcb-4212-951e-7a3baadd4d6b;2024-04-29 12:00:41.244097;17656;Нефтекамск
647150142786445147923;8791e053-faf7-4697-bcd5-c1a0fadd3e3f;2024-03-16 16:58:52.620412;29691;Мелеуз
647150142786445147923;6750d9a3-6f29-4611-bec1-993b7aaac925;2024-03-31 14:59:55.197462;37253;Саранск
647150142786445147923;3da0654c-393a-4a7f-82ca-8a3e5ebfadc5;2024-10-07 13:02:39.603039;3015;Муром
647150142786445147923;ad07fe59-df28-439e-ba78-4230da38b3b5;2024-02-04 03:48:59.796926;4737;Нефедова
647150142786445147923;7da2a685-9d2b-443d-996d-9ab20fecf4df;2024-10-21 00:12:39.826769;3574;Нарым
647150142786445147923;cec3dd86-3bb2-4cb8-ae1b-0475fe9a1a35;2024-10-15 09:53:43.448123;10044;Пушкино (Моск.)
647150142743725007555;d84c8d45-8966-407d-8328-860d62603fdc;2024-10-11 15:03:24.776999;33591;Красноярск
647150142743725007555;7842fb20-4114-4e00-ab46-2ba7f3a3af12;2024-05-31 02:04:14.570509;17927;Партизанск
647150142743725007555;7205b753-0b0f-4b62-b052-8685bbcdbd76;2024-08-31 20:27:48.366688;37465;Агинское (Забайк.)
647150142743725007555;69ef2ac4-fe31-428c-9847-a46d324fc005;2024-02-09 16:02:05.879799;34700;Устюжна
647150142726969614200;295815a0-c521-43dd-9a35-2cf772742f90;2024-09-13 00:43:44.479480;19372;Неплюевка
647150142726969614200;1750a609-a39e-4964-99fe-0bc3e415d6e2;2024-09-09 13:51:34.197443;1028;Руза
647150142726969614200;4e67e063-e697-4a2e-8e1e-dca39075ecf0;2024-09-03 09:18:38.449807;3985;Суздаль
647150142726969614200;c88ba928-285b-42ba-a74c-bbfcb9d909e9;2023-11-13 22:42:03.423751;38503;Неплюевка
647150142726969614200;37c98021-49d7-4d22-82de-b0f19a7652fc;2024-02-14 05:57:35.971686;15758;Красная Поляна
647150142726969614200;32d7020c-cd40-43ff-a4f8-6cc4f890f744;2024-03-15 23:57:09.070707;15549;Челябинск
647150142726969614200;b1d988bc-2c06-480d-ac43-8ebd663457c4;2024-09-18 17:14:42.656713;37543;Ростов-на-Дону
647150142726969614200;d35fe4ef-db27-4150-862c-5c03f30188ed;2024-04-26 07:46:58.080462;3084;Череповец
647150142778079115187;7824e03a-c638-48b2-8881-8bdd0c716ef1;2024-02-22 17:09:03.982442;39482;Саров (Морд.)
749346156698794864550;d0254e81-d39b-4e32-ada9-19a7dfe8b2b9;2024-05-03 11:03:45.932913;8625;Лянтор
216884729513508612747;af85e75e-778d-400e-801a-598dd29d2789;2024-01-29 05:38:59.515005;34078;Батайск
216884729513508612747;6eb820e8-a22d-4db4-9e29-c5182301ee37;2023-12-10 19:33:07.099268;19958;Кулунда
216884729513508612747;4e39e735-a5a0-46ce-80df-0a91f7060b97;2024-03-12 09:57:46.908484;43310;Череповец
216884729513508612747;7e6a1146-ae7d-41ad-a93b-cb16c0bff758;2024-04-04 07:29:28.883626;43560;Краснодар
216884729513508612747;cffd7e9a-2162-433f-96dc-be66bc9ba782;2024-08-22 01:18:37.821682;8874;Курганинск
891367219491666593992;6a494137-10ee-4c7d-84c3-91e1c56d50e2;2024-04-30 08:11:27.162920;45752;Галич
558794106530068917455;41cd910a-7878-467e-9945-96d052f4b361;2023-12-30 07:59:34.842273;16443;Кировск (Мурм.)
558794106530068917455;ac262a73-a5d5-4b00-b80a-b9a3a6919f55;2023-11-10 16:41:02.767932;37897;Углегорск
558794106530068917455;8f3546b8-cf24-4747-9a59-3913fe366c12;2024-04-22 11:00:18.770960;30280;Кижи
558794106557691099254;1570563c-b8ec-4d31-a148-12138513874b;2024-02-21 23:25:56.565056;35163;Яшкуль
225364723889672312556;f47bc977-a17e-4050-97a9-32cbf2df78a7;2024-07-10 20:58:26.264872;28508;Бреды
225364723889672312556;eb5cff98-b90d-4c92-b8db-8b068dd9f167;2024-07-25 00:58:54.044022;3240;Киржач
225364723889672312556;cf9d96a7-213c-4ca6-ae50-92e56746c89a;2024-01-22 18:56:00.602875;19263;Рыльск
225364723889672312556;a3aa0fbc-ac23-402a-afa4-dc917a85a926;2024-09-29 00:58:26.233155;12320;Дагомыс
225364723889672312556;ee8b92c8-4945-4f45-8de9-81749047e3c4;2024-05-31 14:42:40.084767;45587;Теберда
225364723889672312556;bc390a99-1322-48c6-9482-f834bc58ba18;2024-07-25 03:07:23.871418;32836;Октябрьское (Хант.)
225364723887924766296;4f7d1ddd-a45c-41a1-80a3-702d2fe7e32a;2024-07-07 07:14:05.377396;238664;Ангарск
225364723887924766296;a8545001-7769-401c-ac3c-609de092f7a6;2023-11-21 08:37:53.396763;12704;Лагань
225364723887924766296;cbb262dc-d5e6-46c7-9d46-96a04ca29cb5;2024-05-31 20:33:48.009560;44126;Юровск
225364723887924766296;a92f7551-329e-4cbb-9167-7bd7a40de809;2024-01-14 01:51:52.866950;8180;Сортавала
225364723887924766296;d109dff2-0934-4561-b1f9-a253cd1bc79e;2023-12-31 06:12:56.386276;29231;Карабулак
225364723887924766296;0d052ab8-20f5-4af1-93d1-160d1d4e6b45;2023-11-30 15:17:10.474795;1071;Домбай
225364723851392125883;8dcbbfd3-4feb-488d-b0e6-eef98405f3b3;2024-10-04 09:43:54.375578;21722;Каргополь
225364723851392125883;1d3e2dcb-848f-4f7d-bb03-20fec71af7d7;2024-05-28 22:49:28.439163;31789;Невьянск
225364723851392125883;e5a7f7c5-1243-45c8-841b-b682d7632b74;2024-03-09 16:35:09.639059;21964;Вуктыл
225364723851392125883;36891e72-9daa-4b2c-852a-d54dbc593218;2024-02-05 21:06:45.629241;27443;Шахты
225364723851392125883;bc524d80-42f6-4ec6-af7d-a63d88777877;2024-08-25 12:20:29.697692;37878;Снежногорск (Мурм.)
225364723851392125883;e59e1b0f-7cab-401c-b0ec-7ae4667ebcb4;2024-04-19 09:14:35.316878;31339;Шали
225364723851392125883;63bdbce7-3150-40a0-ace7-b42a40872f8a;2023-11-26 00:21:52.940670;46653;Октябрьский (Башк.)
225364723851392125883;0089bf22-5343-4be3-a57e-66fda48e5f85;2024-06-14 11:55:40.621803;42619;Нарьян-Мар
225364723851392125883;83c6909c-39a8-47ef-84b9-cab4154a7f91;2024-04-30 07:30:51.542744;35762;Королев
849347886269970124450;3f0c6a06-9143-4b6e-9c31-a937dd07f2ad;2024-02-02 09:57:55.754039;39272;Слюдянка
799083389872020631525;27471746-1952-4e3f-b605-0eff20011b26;2024-03-01 19:51:07.823585;17700;Усмань
799083389872020631525;5b7af90b-5d7d-4c11-aefa-9920414a5987;2024-07-14 13:12:24.768305;23847;Петропавловск-Камчатский
799083389872020631525;16fce973-1de0-40dd-9928-4c60f69f6765;2024-01-13 09:15:52.195278;23139;Нерчинск
799083389872020631525;5ca83ac7-1def-49f6-90c7-bbd0c6d2b928;2024-02-04 15:57:49.411960;25849;Кизел
799083389886959706119;546b6c61-e253-4cbb-a588-ce4f5a9808a0;2024-07-29 17:06:04.419879;32539;Валаам
799083389886959706119;09bd9c4b-5c3d-418b-a22b-73611ca0f6a5;2023-12-15 05:18:11.699070;20405;Сунтар
799083389886959706119;2fb07792-f369-4449-bc1b-4d498dd611eb;2024-05-08 11:14:32.349051;30708;Верещагино (Перм.)
799083389886959706119;d67ec14c-b25c-4f6d-86ce-275eefe359bc;2023-11-22 20:46:46.539914;25459;Дивногорск
799083389886959706119;35b07838-bc2b-4cbe-aa53-03f2041675f6;2023-12-05 11:17:50.609684;44110;Горно-Алтайск
799083389886959706119;4414f925-35b5-4559-b66c-1e2ca5e843f5;2024-08-13 10:06:38.364871;10590;Новомосковск
799083389886959706119;3b3fd0d0-be89-4f28-b2e2-2d7fa1ebee18;2024-02-27 22:17:27.139183;289194;Неплюевка
799083389886959706119;6de340d9-03a9-441d-91f5-d3f54ea80d4c;2024-10-17 14:51:20.497731;49921;Усть-Ишим
799083389851703671677;27b0628b-e30a-4b15-b30b-45bad639b2cf;2024-10-20 20:28:34.038354;35060;Надым
799083389851703671677;0ec7b5c1-6850-4b26-8ad2-53bf53a091b7;2024-10-06 03:10:47.580206;14869;Калач
799083389851703671677;1881ed66-33c1-4136-94a4-5bf60c8bbd53;2024-07-14 10:30:44.765415;30007;Ведено
799083389851703671677;d8b46165-a3d8-4646-aa21-413f29d634c5;2024-05-01 03:45:01.309773;47857;Кыштым
799083389851703671677;d6a8d7d6-1077-469d-9d69-841e6ce6ae8e;2023-12-31 17:17:07.319633;4866;Братск
799083389851703671677;c44e30f9-7ae8-4272-8c4f-0cfa36446475;2024-01-29 21:38:13.317436;2248;Богучар
799083389851703671677;16303bb0-8611-401f-9b75-361cf7911975;2024-07-20 03:07:56.131002;36306;Ребриха
799083389851703671677;28bddaef-0aed-4b28-9e67-89effa203c83;2024-07-08 21:29:39.082363;4996;Енисейск
799083389856338828544;5b86fbc5-cbb3-4150-9669-e3bdb3da7b07;2024-09-27 03:07:55.640788;48814;Энгельс
799083389856338828544;df02c8bd-4579-4657-bb44-05a13ad7a2a8;2024-08-09 00:51:17.252862;24004;Екатеринбург
799083389856338828544;b5ea9752-4016-4be5-a28a-dae807d13049;2024-09-30 16:02:18.361471;25563;Троицк (Челяб.)
799083389856338828544;a05211da-5c94-41de-86b1-de52222d2f20;2024-05-01 20:02:40.187479;13265;Белореченск
799083389856338828544;0365d43c-083f-45ee-b95a-85e9a33c9544;2024-01-27 15:47:01.253989;46585;Каргополь
799083389856338828544;84be8ea8-24e8-418c-b143-9781ea315233;2024-05-26 11:32:48.195144;435450;Уэлен
799083389856338828544;97bb4c1b-809d-4913-bf4c-573aab1553c9;2024-08-10 09:01:50.724543;1272;Истра
799083389856338828544;1a9da687-6a25-4242-af45-542f46fc9824;2024-08-31 07:15:37.704292;12177;Усть-Баргузин
516147022064601354634;e8f88841-edda-485a-b770-e03388f73858;2024-06-09 08:24:09.912668;41135;Нижнекамск
516147022064601354634;4590d573-5999-46a1-b3b6-1d2138440d13;2023-10-28 15:33:18.839499;38595;Подольск
516147022064601354634;07d6cbf7-7327-4ea8-8d53-806e7deb48d6;2024-04-12 18:43:05.699682;22878;Калининград
516147022064601354634;f82fbeba-99c2-4bf2-b27e-a406ff676c87;2024-05-02 10:04:06.261263;289950;Шали
516147022064601354634;64b55313-1193-4265-820c-7a38b8e14af6;2024-09-19 02:29:39.082052;49370;Ростов-на-Дону
516147022064601354634;4499e6cf-1e9c-4d10-be63-36bd03773259;2024-06-08 07:21:00.417816;35815;Пушкинские Горы
516147022064601354634;b9897341-5420-48c6-97ab-ca07e58138ca;2024-02-10 08:16:50.235345;46500;Ржев
516147022064601354634;1277495b-670b-4b68-a1b3-8ddea4ae80af;2023-12-18 13:10:45.383776;33282;Ревда (Сверд.)
516147022064601354634;65d11ebf-8b73-4f05-8a26-a036d0c1e63e;2023-12-03 00:10:23.590138;49545;Кисловодск
516147022065270430847;334bd662-6165-438b-ad20-ebf09fbeb0fb;2024-07-21 17:33:07.406617;17335;Норильск
516147022065270430847;29fbc059-6ae4-4e5e-a851-5c28e1b1c4b3;2024-01-15 05:30:20.541185;39231;Борзя
516147022065270430847;c27b9977-e617-4dd9-be5b-71e9a2f3c8e1;2023-12-23 21:27:25.146058;40243;Усть-Джегута
516147022023295341608;30126833-aa05-4bd6-82c2-ae060a1ee459;2024-07-11 01:47:09.162128;17621;Сургут (Хант.)
516147022023295341608;e3abaabe-01fc-4294-b9a2-1624a23985f2;2024-09-22 09:58:02.154783;5777;Поярково
516147022023295341608;946e8572-1e34-4abb-ad67-94d403969758;2024-06-12 03:14:01.470716;20350;Апшеронск
516147022023295341608;ad358f7e-a49b-419a-b423-83e932a3ce0a;2024-07-03 00:34:03.726963;24906;Енисейск
516147022023295341608;b20f8a4d-6ed0-4f6b-9be4-3c3a81d99540;2023-11-13 01:00:35.091395;46307;Мокшан
516147022023295341608;d124d588-5890-4988-bb72-116a15f726f3;2024-01-04 05:42:01.074889;44589;Витим
466804258738593389602;9bf29d6a-42c0-407d-93c4-96bf84f4d29a;2023-11-29 11:07:56.928780;5696;Кизел
466804258731413757474;3ac53cb7-bc5e-4a8c-86fe-a36c6c71eaae;2024-02-10 20:27:56.392276;11313;Охотск
466804258731413757474;efd738b1-e27b-49b3-b862-51e321d62574;2023-11-21 03:03:11.511624;22155;Руза
466804258731413757474;05f7e2b3-6f70-41aa-aaf2-f2c539503a48;2024-07-28 19:14:28.868846;32791;Салехард
466804258731413757474;70ba83f3-2fd3-4dfc-9d11-d5a9b04441f4;2024-04-14 09:06:43.253568;26235;Петрозаводск
466804258731413757474;a847435d-5aa0-4e38-8f43-8b156dddffa0;2024-08-18 14:06:09.906515;495283;Абакан
466804258731413757474;33e95c48-ed13-479a-b38c-df11f5e96c39;2024-01-30 15:21:35.189353;3507;Армавир
466804258765736263238;f6c759a4-ad8a-4816-a9f1-741fea881bc4;2024-02-13 03:49:15.594421;19546;Иркутск
466804258765736263238;e48abc33-47ba-495a-9616-8e35ba792dcb;2024-05-14 19:46:37.613463;43920;Одинцово
466804258765736263238;0254a4b6-020c-4f08-b0d7-db153a333cf6;2024-10-03 19:02:36.396802;47652;Дивногорск
466804258765736263238;9a4b474c-d71f-4bca-92a8-4e12dccba480;2024-09-09 21:56:01.059355;40474;Верхотурье
466804258765736263238;0bfabd24-36b3-4273-ab46-c20cc02a2f0e;2023-10-30 09:47:24.693010;11552;Инта
466804258765736263238;bd9f191a-5bd1-41ec-b163-f3bd730f4e72;2024-08-05 12:17:30.937105;21286;Камышлов
466804258765736263238;d6091dba-f2ea-4f67-894c-b807c6e07b4f;2024-05-01 09:32:26.684587;46935;Губкинский
466804258765736263238;71a8604a-a458-4758-be68-58defbbe1590;2023-12-19 05:57:39.182656;31507;Великий Устюг
466804258770605132309;a2086489-73f0-43f8-984e-2ce5b016cb0b;2024-01-05 02:17:16.904813;21848;Белорецк
466804258770605132309;a49b7977-8a10-40ee-b928-2d5ae05f47e1;2024-09-02 09:02:26.858447;11746;Туруханск
466804258770605132309;83b9cdfa-14f2-4cea-93c6-02788a5477f3;2024-04-07 14:39:21.798965;417859;Кизел
466804258770605132309;98814cfb-b079-4ef7-b318-1a641a7a0e89;2023-12-05 05:55:12.901293;4629;Верхний Уфалей
466804258770605132309;c299eee1-c6b7-4d71-85cf-5dcb613033a9;2024-03-16 23:16:17.205312;45814;Долинск
466804258770605132309;f08e8891-d736-4449-87c6-f8de8a33895a;2024-07-20 04:56:16.213292;14632;Сусуман
466804258770605132309;de9b401b-d08b-4e41-8f70-312441132d72;2024-07-31 09:52:25.514732;9673;Крымск
466804258770605132309;d1acedd6-c890-4b78-a2fa-813bba8c868e;2024-07-10 08:17:57.968451;6968;Советский
466804258770605132309;c8a9299f-03d3-4f07-bc63-a7976a1f8a4f;2024-07-13 15:05:55.942634;35411;Кириши
466804258770605132309;95acc0c1-8f16-40e4-8fb6-0e7a99e7c987;2024-08-07 13:29:18.762204;29414;Октябрьское (Челяб.)
679200171714086460553;a87b1409-3715-42df-884a-e0f6d7e10854;2024-05-31 01:48:59.822844;17544;Медногорск
679200171714086460553;d84ce8ae-3735-4148-aa12-64f109bfce73;2024-08-12 22:07:49.286229;7053;Печенга
679200171714086460553;1b429efc-e285-4ce9-bbdf-766202b2e06b;2024-01-27 02:54:18.166448;1782;Плес
679200171714086460553;886f052c-0984-4e17-9bc1-03d966e439b4;2023-11-18 20:56:14.896271;26798;Малоярославец
679200171714086460553;b3716ce1-8462-4189-abbb-848b2d0ccbd8;2024-05-05 15:09:56.890961;30969;Ростов
679200171714086460553;eaefe7bc-afd6-4454-833d-5efa8415b232;2024-09-09 12:24:02.379866;42133;Ялуторовск
679200171714086460553;e9d900f3-73c8-4285-9276-177b3e4129dc;2024-07-30 12:44:08.930759;38150;Сузун
679200171714086460553;7e7870eb-b15c-479b-a58d-10e894e2492e;2024-07-05 05:19:30.673720;20310;Эльтон
679200171714086460553;89d43db9-a137-4b8e-b86c-3738a0ff3dc2;2023-10-28 07:52:10.071906;40551;Эльбрус
617428207472556778237;71cc18a6-1535-4970-8360-cd07578b4da5;2024-02-23 06:28:58.562056;25570;Кашира
617428207472556778237;d6c20245-9553-4b49-a9bd-3d42f43d9205;2024-01-23 09:37:22.271206;35820;Кировск (Мурм.)
617428207472556778237;315eb0de-5637-4749-ad6e-65d9a418df47;2023-11-23 06:16:37.964895;48092;Белореченск
617428207472556778237;58d0d09e-a8df-4841-9065-228bc306f95a;2024-09-17 21:15:25.991401;31630;Кисловодск
617428207472556778237;05a1c822-db3c-41d0-93e3-403552d10394;2023-11-09 07:16:30.453498;45875;Токсово
839529953399758099634;fa293f17-a7ac-4cb5-b504-20c7c532f628;2024-02-15 21:23:10.995648;23654;Ребриха
839529953399758099634;23d42f07-9d41-48e3-b056-c7b25aaf703c;2024-04-08 11:37:38.635886;46103;Новосибирск
839529953399758099634;cc3e41d1-98ca-478d-a810-4bbc121ea3f1;2024-09-02 15:20:42.632005;30191;Кижи
839529953399758099634;8a046e3c-12a3-47f5-96e7-1bb8fa90603a;2024-02-10 16:39:14.171132;8720;Серебряные Пруды
839529953399758099634;643d0881-cb8f-4c1d-b282-7b6b1b3d9118;2024-08-01 01:12:55.740682;316495;Агата
839529953333904159689;6e30a1ec-6a74-4660-b87a-2ff38359b9d4;2023-10-23 23:00:30.504227;42403;Слюдянка
839529953333904159689;8e9233f8-9592-44e0-acd6-8bc132ab641e;2024-09-03 16:07:48.036907;16590;Благовещенск (Амур.)
839529953333904159689;df6ecb2d-0cfb-4f01-a3cc-eb33ec7b9553;2024-07-22 12:25:55.290012;24174;Середниково
839529953333904159689;576d2d28-6ecb-4af6-900a-d6da5c6e4186;2024-05-16 17:16:58.316020;35635;Калач
839529953333904159689;7e703c80-192e-499a-91a4-1e4c2beed356;2023-11-30 13:41:54.806093;43799;Каргасок
839529953370157651541;a131965f-3fd0-47d7-82a1-f4654195322e;2024-08-05 01:43:53.528603;2509;Горячий Ключ
839529953370157651541;2dc2e987-007d-4b9c-8f82-2d389bb344ec;2024-05-13 17:35:59.259839;43368;Шатой
839529953370157651541;ab9f717b-0113-4c1f-83a7-ad837cd54c60;2024-08-27 01:00:18.808551;22609;Шелехов
839529953370157651541;b85dc57b-d815-4572-9029-c81c5663e819;2023-11-11 04:11:37.182683;37006;Волгодонск
839529953370157651541;7248ddca-e854-4465-ae0a-65f5d97d0fa7;2024-02-01 18:07:40.750496;41358;Пышма
471264406274194564674;e234dc99-cff6-451b-823a-6d9fe59e93da;2024-09-27 12:32:43.746130;8908;Новороссийск
471264406274194564674;77d92db4-8dae-45b0-b9d1-920eaaec745f;2024-09-26 22:58:16.518860;44794;Морозовск
471264406274194564674;b0782e97-b608-4e8a-b700-c6d8b1121c5c;2023-12-16 21:26:36.759811;23348;Адыгейск
471264406274194564674;3c2459ba-2c5e-4c7b-bcf1-aa2d925053fe;2024-05-04 09:10:10.121881;21350;Саров (Морд.)
471264406274194564674;68272fa8-c4a0-480b-b15e-24c3d511339b;2024-09-03 10:25:26.985475;7128;Ряжск
471264406274194564674;0eca17fb-2ec4-4205-aa9c-75d2ceed692f;2024-07-19 10:14:36.441859;33960;Заводоуковск
471264406274194564674;88951be4-6dd5-475c-96c1-cf0a68c1ffee;2023-12-07 13:17:56.142285;9589;Луховицы
471264406274194564674;5e162f13-4740-4b44-a6e5-54ab8e56baa0;2024-02-25 13:57:37.253875;45523;Заводоуковск
471264406236093072933;f016989f-34a5-48e8-b11a-f6cb45fca298;2024-02-17 21:58:15.832907;2289;Домодедово
471264406236093072933;e94753d2-7055-4c6a-91ec-2d49d32a7fd5;2024-06-10 09:59:13.688992;29835;Билибино
471264406236093072933;e4afbd14-3fe7-4dbe-95b7-58ab232b4df3;2023-11-04 13:02:33.788140;41197;Батайск
471264406236093072933;149d42dd-6cd3-42d2-b7c3-5efa38b88dec;2024-05-31 07:45:37.369552;24260;Ноябрьск
471264406236093072933;c815b407-3b61-4474-a403-fb50dc05e747;2024-01-11 06:14:36.850769;27514;Апатиты
779638097490223084074;236b8d80-4bcd-4d37-94ea-2a0a977446ce;2024-01-10 19:52:43.696826;14859;Уфа
779638097490223084074;ba039de8-d73e-483c-b319-1f27f870a6c9;2024-07-12 04:32:17.379447;47279;Домбай
779638097490223084074;fc9879b0-958e-4f67-9c9c-6b3ad8a08c9a;2024-06-06 03:42:59.493283;35503;Александровск-Сахалинский
779638097490223084074;9cab6c2e-7cf7-4a2a-b233-08227fe2fe39;2024-03-05 08:29:56.200605;35877;Усть-Кулом
779638097490223084074;491c3b33-c461-4fc0-b78b-72697506a645;2024-07-31 16:15:02.577089;14733;Апшеронск
779638097490223084074;33dc6487-b892-464d-b3f1-27b607b89085;2024-07-10 07:25:45.140972;35137;Елец
779638097490223084074;8d0d5ce3-371a-46cb-a9ef-698355a2c809;2023-11-04 17:07:27.883223;22245;Кострома
779638097433803897423;67354a29-9294-4030-b4d4-e8bbf604f60a;2024-09-07 11:14:40.883975;12395;Боровск
779638097433803897423;132af374-bff4-4418-84d3-713a4c99f5d8;2024-08-28 08:06:17.525817;4732;Бугульма
779638097433803897423;23906dea-7f8a-457c-9cc8-89c7ff14a8b7;2024-04-12 11:11:34.234329;21199;Красная Поляна
779638097491859619978;5927fd31-e046-4165-a135-0e29900b881f;2024-04-14 16:32:13.656630;2444;Якша
779638097491859619978;31832c88-39de-4d64-b62c-253295bb3800;2023-11-03 07:47:15.083947;15206;Мирный
779638097491859619978;e3d8d7ab-4147-4b44-add8-f96e5d3f68dc;2024-08-17 15:49:34.338552;30563;Сковородино
779638097491859619978;00c71154-0c1a-407f-99a5-263b8951789d;2024-08-27 15:49:02.570739;40503;Южно-Сахалинск
779638097491859619978;a21553b9-4778-4353-8f76-29a51adfa5a5;2024-07-30 01:52:05.621961;30694;Каменск-Уральский
779638097491859619978;a2ec2ed5-12f3-43a4-b13d-7db713df1c2c;2024-08-02 21:01:09.351046;31327;Бологое
174271064535952238989;cefcbf2d-3230-49b8-9626-db1ed10999e3;2023-12-31 10:36:13.666694;3889;Гремячинск (Бурят.)
174271064535952238989;d2c9d54d-1342-4be0-82fd-1693337805ea;2024-05-17 03:38:36.097675;292163;Лянтор
174271064535952238989;45eba15f-f561-4b38-9099-3d6951de80d4;2024-01-14 11:03:30.407745;6469;Сызрань
174271064535952238989;ce4daf7c-53ce-49a6-be8b-cf8c3b83c870;2024-05-27 07:50:55.186393;19085;Лазаревское
174271064535952238989;894952e5-6236-47af-a566-5d1a1df3a502;2024-01-28 07:07:38.225359;21960;Сортавала
174271064535952238989;6dc5bcd4-07d6-4ffa-ae7e-2d02e58ee5bc;2024-06-03 11:09:39.894689;33303;Черусти
174271064535952238989;4e4795ff-eb0c-4c16-ad0a-645bd5adf57b;2024-01-19 14:01:54.604463;14078;Майкоп
174271064535952238989;f02f4421-7c42-4077-995d-c67e1f572244;2024-05-09 16:12:46.864094;36208;Ижевск
174271064550097517325;9a6794e2-9b54-42b0-9c03-ecaf924098ec;2024-02-04 16:05:00.242095;47316;Усть-Камчатск
174271064568302629393;a7fb216a-9eb5-479f-af5c-7322fb6c1711;2024-03-23 06:59:58.460043;24275;Пермь
174271064568302629393;8e96969e-b8a2-46b9-885e-6ad52d11b5c2;2024-05-30 13:10:01.651398;16927;Любань
174271064568302629393;e809d189-7354-42c6-a592-3c52e86a0845;2023-12-28 06:05:08.759729;11360;Гаврилов-Ям
174271064568302629393;e231e364-3659-4d37-8b26-674bb36f3e21;2024-02-20 00:51:16.065207;39713;Томск
174271064568302629393;867acf7f-7e71-4f56-abed-286a3150eb39;2024-07-19 21:15:30.590317;16326;Красногорск (Моск.)
174271064568302629393;453387ed-a560-46fd-b76e-07258d822f20;2024-05-13 09:07:28.728874;8798;Анива
174271064568302629393;aae0efe5-f522-4652-b583-cc30403ee354;2024-04-13 21:11:00.674391;40301;Тобольск
978246679555473462226;a77c5520-73a6-453f-bff2-27b34a74e9b7;2024-02-28 16:25:36.868754;18914;Наро-Фоминск
978246679555473462226;ac89347b-613d-4893-ba7c-2f8a7b61d52e;2024-08-03 09:35:16.177935;17475;Шилка
978246679555473462226;3c5d1f89-082a-40f5-b5be-142fd30bbca7;2024-10-03 21:58:38.257969;11917;Верхний Баскунчак
978246679555473462226;801fdce5-a36e-438f-b17e-1d5ff3a5366c;2024-09-19 20:32:52.482100;28526;Мончегорск
978246679575605420875;5c3672a7-8ca5-4bd4-a0e6-ba13695c560c;2024-05-29 22:28:25.476213;43873;Меренга
978246679575605420875;a4a991f2-23dd-41a4-959c-6f6e4a982c2f;2023-10-27 08:30:18.428476;9325;Чокурдах
978246679575605420875;53d369d7-1fd2-4e39-8ee3-a4c32fc80ff0;2024-08-14 01:59:18.735923;18810;Агинское (Забайк.)
978246679575605420875;ad55f3f3-502a-4bba-9b7c-59e9d9c99712;2023-12-14 13:39:25.140896;19865;Хатанга
978246679575605420875;e01ce462-ae46-4360-a579-842367eca2b5;2023-12-14 21:12:58.769653;32048;Нягань
281990871657390744517;011b83a4-a16f-4e32-89f0-2f1c03c3beb7;2024-05-30 16:46:27.522687;12651;Ульяновск
281990871657390744517;dec20fcd-dc4d-4910-9eb2-2f90b86fe082;2024-06-28 12:09:22.077043;44857;Тюмень
281990871657390744517;b10ff4f0-e647-4798-b143-806b65046b43;2023-11-17 05:54:24.564079;15876;Слюдянка
281990871657390744517;bcc6cad5-de48-4ea5-8dab-5e83d3cbb3d4;2024-05-16 06:55:54.272354;43267;Брянск
281990871657390744517;c625a662-0b1f-49ec-bbf2-f97ef8d6f6a8;2024-08-10 05:36:45.042611;6027;Петушки
281990871657390744517;1d6a5c86-0fd9-43c4-8385-3968a23d058a;2023-11-20 13:54:17.713510;7249;Иваново
281990871657390744517;47a6a33b-6e3b-4e55-a4c7-a165cda2afa1;2024-09-20 06:53:24.754279;160935;Красновишерск
281990871657390744517;202e92c7-3c4b-4e1e-8b6a-6d62e6bbc2da;2023-11-20 07:24:55.614545;19036;Мурманск
281990871657390744517;687169df-1df0-4cfd-bce7-58cfb905caba;2024-09-14 20:06:20.414241;10489;Верхний Уфалей
281990871618879382965;71c4abcc-d5e6-4a47-9ecb-0a4ff47771cf;2024-02-08 01:12:25.936031;32812;Стрежевой
281990871618879382965;610beaa1-fa6a-4a84-bc52-9fb6621507c9;2024-02-20 07:15:49.207166;15403;Артем
281990871618879382965;0694a7ad-86f9-4dd1-8c4f-e418b0c5faba;2024-02-20 09:53:29.673293;24747;Александров Гай
281990871618879382965;e56871db-6221-42e6-a3de-fb9aa9486c5a;2024-02-02 07:51:32.032226;46518;Сургут (Хант.)
281990871618879382965;cbd23546-9d45-4148-81c0-3a333a95a9d3;2024-01-03 04:33:44.858644;43348;Юрьев-Польский
281990871618879382965;1987d79e-d82f-47a2-ae9e-8ed94c426657;2024-06-28 07:14:09.921427;41536;Шереметьево
281990871618879382965;a04f4a61-45bb-4d0f-b7d6-b7237607f678;2024-08-16 20:58:43.568272;25094;Кыштым
281990871618879382965;6b484dfc-51d1-41a2-9251-5701cdcddfde;2024-09-09 05:50:33.735945;37089;Шенкурск
281990871670729104052;d8635d9f-d6bb-4cf2-bb28-9a65b842347b;2024-01-09 21:47:58.352673;8418;Кизляр
540903186145832864224;bb4c528d-1790-41cb-988b-7c6c4cd80b4b;2024-01-07 05:03:19.938748;2686;Омск
540903186145832864224;7fe6e9cd-f564-4882-93c8-9ad393afebe4;2023-11-23 22:34:42.699123;21387;Балашов
540903186145832864224;07a33ea8-1514-4cea-946d-dd1e03a12803;2023-12-17 23:01:07.614582;5897;Кизляр
540903186145832864224;8bc25942-7a23-4e71-b869-d44817cdcb23;2024-03-26 09:21:16.001316;38637;Новомосковск
540903186145832864224;82f7b1e4-d6b4-41b3-b57f-104d316fa1a8;2024-04-03 10:57:33.246347;31602;Охотск
540903186145832864224;8d5b219a-193f-4469-a9a8-6443450e4c8a;2023-12-05 14:25:35.502997;30704;Черняховск
540903186145832864224;a09df47f-ecd9-4eca-b999-bf203815f35e;2024-09-11 22:34:03.015147;41495;Усть-Илимск
540903186145832864224;4901e237-bae6-4d39-96c9-75a4218aa3dc;2023-11-17 13:15:50.892868;39335;Железногорск(Курск.)
540903186145832864224;74ded1e7-d00c-435d-aac6-fb243802ceff;2024-10-09 15:00:17.427947;23378;Шатки
435505941453013673333;fa76af4e-0fe1-42f9-bead-21fe7f702bd2;2023-11-21 03:54:15.015982;10871;Махачкала
435505941453013673333;281d21b1-d61e-4456-9b3d-4b8840695fe1;2024-08-25 06:11:28.292640;44280;Мелеуз
435505941453013673333;1cfd1653-7a77-4982-bf98-5c48fcd212d3;2024-07-04 02:13:14.240125;34659;Тамбей
435505941453013673333;52b1ed29-da91-4573-b175-f8da9652d7aa;2024-02-07 07:43:57.961876;24120;Терскол
435505941453013673333;dc3056bc-2e7c-40fb-93f7-bc697523cd3f;2024-05-10 03:23:23.065591;9440;Елабуга
435505941453013673333;8a9a6412-d62a-4f2e-a59e-3680e48f9b2e;2024-09-19 03:13:17.510546;43395;Озеры
435505941466021289433;007bcfac-60e0-44c6-8cf2-212402e991f5;2024-06-04 09:21:16.112841;34081;Белый Яр (Томск.)
435505941466021289433;93862405-f527-49e0-b51b-bb1e4ed29db6;2024-02-08 15:28:29.286289;16603;Кедровый
435505941466021289433;6b2b3f4c-5366-46df-9be0-da6f9ea67118;2024-06-04 13:04:45.579885;48781;Каргополь
435505941454568432403;1497410c-3228-44dd-b25b-ff66be9e2591;2024-02-21 21:42:54.700096;22434;Игарка
424762141138876796755;d97efc29-d026-40c4-95e1-10464b575f39;2023-12-27 04:48:57.085355;19872;Волхов
424762141138876796755;5752313c-d47b-467e-89c5-8cf57ea6dc7b;2024-07-24 08:43:24.206661;10371;Карталы
424762141138876796755;f292e091-38fb-42a6-a0c1-d7bb742aa38c;2024-08-25 13:13:58.051147;8953;Ершов
265277584863102146625;1e81a3cf-91b7-414d-945d-96bf86ff6be7;2024-10-15 16:23:15.969205;34636;Галич
265277584863102146625;9f7f7506-d6be-4cd7-8f53-a37ff6886dca;2024-01-27 02:16:52.450399;310861;Луховицы
265277584863102146625;017ec99e-d85e-402a-a232-4799a7e38db0;2023-12-12 22:17:42.082633;24639;Неплюевка
958837605579104029839;6dcf8fc6-c1ec-4277-8976-b9b56c442f5f;2024-07-23 10:57:29.146847;18137;Корсаков
958837605579104029839;9421c38b-a25f-4ae5-be66-0883b556bfb7;2024-05-25 16:04:43.131447;37401;Углич
958837605579104029839;81a4db28-4828-43b2-85fd-b62813883dbf;2023-12-02 20:19:18.224855;27079;Гдов
958837605579104029839;724e5657-72e1-4fe8-8304-99fb38334fd2;2024-02-13 09:14:39.058119;24967;Токма
958837605579104029839;997eab3d-8c36-49f1-9c9f-6680f8aca5e0;2024-05-19 03:45:00.034085;10690;Губкин
958837605579104029839;a291be74-bb60-47e3-a13b-1d75cff7531c;2023-11-29 13:40:45.447559;15800;Йошкар-Ола
958837605557116591558;21487b48-a3fd-4ed4-9ae1-15235ca8392d;2024-01-09 15:46:18.387779;4443;Невинномысск
958837605557116591558;ab5b06d2-3179-4166-80de-c2a72c488ba6;2024-04-08 10:34:14.955224;15965;Сарапул
958837605557116591558;9251137b-c4e4-4584-82b6-812dd00db6e4;2024-05-22 22:30:15.611986;18811;Торжок
958837605557116591558;32631919-953b-4ee4-8849-cf9ed913f486;2023-12-22 06:39:30.727674;32204;Дивногорск
958837605557116591558;95232146-2c97-4ad6-b78b-6410cb5e8f61;2024-02-06 07:19:08.771147;2181;Лабытнанги
958837605557116591558;e1907e95-d307-4c88-97e3-a7dbf8b87854;2024-07-26 21:18:53.832733;33757;Черский
958837605557116591558;6e58a1ac-e33a-48c2-bd6a-1d75d59825b4;2024-05-29 15:00:03.687975;5939;Архыз
958837605557116591558;d6756e09-2050-4c4d-9ceb-1a10a0531b12;2024-06-18 02:53:53.139218;30294;Волгоград
958837605557116591558;a364bccf-b29f-427e-a8de-6f88e4d496a2;2024-06-09 03:29:06.634516;187510;Кировск (Ленин.)
958837605557116591558;e356ff0b-eb4f-4479-8764-66d6c98b1473;2024-06-05 15:47:04.070961;39239;Тамбов
509432746967435455422;036a3d0b-0599-4569-b041-cceb5ba573f7;2024-08-19 18:19:54.431499;46330;Балашов
509432746967435455422;36c0fbd7-77f4-4fda-83ca-f3963f1235e5;2024-03-09 08:36:59.582348;10657;Шатура
509432746967435455422;2cc785ae-32bf-4691-a571-597fd078126c;2024-01-26 21:40:45.071118;47427;Ковров
509432746967435455422;d9561b7c-796a-453b-98c2-dac00dcf4a39;2024-04-06 22:12:07.476391;479812;Холмск
350431192511598584067;54fb9160-ee34-4038-aefd-04593a70c1a3;2024-02-19 16:27:07.883449;16113;Анива
350431192511598584067;18778207-7f10-4470-8c41-c609279c063c;2024-05-05 13:52:25.547648;13167;Карабудахкент
350431192511598584067;a0521d74-5ed8-4bc3-b335-a4595698878e;2024-01-08 22:06:39.225304;13094;Когалым
350431192511598584067;e605a4d7-6508-4201-932b-127bfcc4fcaf;2023-12-11 09:44:54.433179;44283;Миллерово
350431192511598584067;d5496d2c-74e7-49b8-8682-ca1ed15b26a1;2023-12-14 11:55:21.787350;26821;Усть-Катав
350431192511598584067;4e39c991-14df-4e47-9b35-88460c8569fb;2024-01-25 15:33:33.011838;17160;Белоярский
350431192511598584067;15a7a198-ee5c-483f-8e91-7cca1667fb5e;2024-04-18 09:16:29.603080;14386;Невьянск
350431192511598584067;4bae8053-f0e6-4571-9d14-fa77958108b7;2024-03-17 18:52:44.914351;43414;Чехов
350431192511598584067;22f4103c-48dd-45b1-a7a8-75494fef707b;2024-03-26 14:26:18.743357;47186;Урай
350431192546774200256;240e4680-6122-4fbf-84ac-e17fa286da49;2024-05-25 03:17:48.029671;35235;Эльтон
350431192546774200256;fed680f4-d016-4ba7-9988-fc1e3598459d;2024-05-11 10:57:00.478641;46129;Оха
350431192546774200256;8efb2bde-6635-4358-a6ae-a7f63a9ef6fa;2023-12-09 03:28:50.367255;33732;Воркута
350431192546774200256;30513fec-4eed-44f2-bcfd-b8c20c28b79e;2024-01-26 07:04:50.270891;17695;Ельня
350431192546774200256;0034cae8-cb25-4ba8-bd60-397e47c9245b;2023-10-24 13:16:35.247562;15505;Новый Уренгой
350431192546774200256;c6afaa48-da3d-4410-b7e0-3bdbc84b24ec;2023-11-04 23:24:24.617972;29879;Невьянск
350431192546774200256;9c9abc9d-0a0a-4acd-97a6-5186fc9f359f;2024-08-08 04:12:57.145295;6755;Петухово
350431192563999275774;f7b04384-dab6-49ed-aa90-d1ee87f15382;2023-11-22 21:13:07.061481;23640;Алдан
350431192563999275774;062ec9d1-b2fe-4504-91f0-ac66e93c65ec;2023-11-03 13:08:48.070138;28739;Белорецк
350431192563999275774;6da37237-6c61-440f-977a-438098d23ab1;2024-08-25 00:32:50.212991;19196;Шатой
350431192563999275774;f9080f99-94b2-44e2-95c1-df01d654526f;2024-08-26 20:04:22.555529;3055;Псебай
350431192563999275774;7d969d47-4e1d-45e1-a8d7-16bc4da633b6;2024-01-19 17:11:08.434340;49920;Северобайкальск
692150271222510377979;d2c9e9b3-803f-45dc-a44f-d5e30549224d;2024-03-03 14:25:17.594313;43043;Мончегорск
692150271222510377979;8eccc6b2-3cd5-494a-8b72-486268a7e3fa;2024-07-02 12:56:36.296800;48814;Плес
692150271222510377979;3319746a-7b0a-49ae-a6ae-d1d44b622a9f;2024-01-26 23:23:38.890050;44846;Калачинск
692150271222510377979;69e103c9-d9a8-4163-86a9-65d81bd95ea3;2024-06-02 20:35:04.690762;32621;Чебаркуль
692150271222510377979;56c465e9-63af-4118-ab83-356085a0cd0a;2023-12-13 00:51:33.243669;41484;Обнинск
692150271297684948969;94510c0a-0c15-499f-8c3c-b6077a3efd89;2024-05-31 05:29:13.999799;47212;Комсомольск-на-Амуре
692150271297684948969;090a91a5-d26a-40c6-9b14-3b1cdcbdbb8d;2024-08-27 20:53:03.679613;31860;Сосновый Бор
692150271297684948969;afc39f70-1f7d-465f-bb3b-294d3809c6e6;2024-09-22 19:56:24.183081;5598;Лысьва
692150271297684948969;f9360fd6-581f-4966-8580-75cca04e9502;2024-08-01 23:01:02.528070;5975;Красногорск (Моск.)
692150271297684948969;4d457e09-16bf-49d5-a2ce-af4828889a5d;2024-06-15 15:34:33.416978;19357;Ржев
540175108079579581619;42123b5f-ce9a-455e-ae93-d66eba4bbf12;2024-03-27 07:06:16.419535;1803;Чехов
540175108026521537782;b51de2c9-406b-4c6d-9607-8ebe30af31fc;2024-07-15 13:58:44.874156;18773;Мостовской
540175108026521537782;1aed493a-5030-479f-83a9-34d724ba772d;2024-02-28 05:13:27.589057;4973;Листвянка (Иркут.)
540175108026521537782;eb314a86-9bcc-41a8-9a1d-24cf49a7a8d4;2024-10-18 13:08:27.700520;24673;Волгодонск
540175108026521537782;b1ddc0b4-f21c-4cf4-812c-051706958a3d;2024-05-14 20:08:40.905611;41224;Кижи
540175108026521537782;e990a2ee-21be-4250-b305-fcfbe7777821;2024-08-10 23:41:54.461849;45597;Юрьевец (Иван.)
540175108026521537782;afc969e4-ea56-48d9-bbda-057cccb9fcbf;2024-06-07 01:12:55.769637;43771;Тутаев
540175108026521537782;6b12a686-070c-4c75-ab69-e4e6404a6bc4;2024-04-10 06:52:17.078068;3958;Ухта
540175108026521537782;9c004182-0e5e-45f1-b34e-6d9db0072d63;2024-09-10 02:16:49.135576;43325;Яр-Сале
540175108026521537782;7003e731-ea86-4446-835a-d273cb928929;2023-10-30 18:54:36.903367;30189;Валдай
289393435063537775132;553001ad-6d7c-4818-88f8-271523052a7c;2023-11-29 18:58:44.489324;25223;Всеволожск
289393435063537775132;105f63c1-2c64-47e8-bee8-92881bf220c5;2023-12-06 02:14:50.433147;35014;Мончегорск
289393435063537775132;a937f8d6-f7a9-4ea3-b34d-60cff5e90ae1;2024-08-20 08:45:14.106678;30159;Курильск
289393435063537775132;f90d955f-e919-4c6d-b60a-ffcfcc870a62;2023-12-20 15:46:10.576164;28058;Троицк (Челяб.)
289393435063537775132;1b98bd2f-bb9a-4877-b280-439ee37bd9d7;2024-02-04 01:52:00.791044;16654;Армавир
217151891193482467336;904afbed-5998-4cd9-aa09-6e6860e195a1;2024-08-21 23:24:47.025548;28330;Ростов-на-Дону
217151891199087640712;88651ae7-96ce-4a98-bf04-129a2f658ef9;2024-05-28 18:52:57.569607;141334;Тамбей
217151891199087640712;b37883e6-e217-40f8-b0a1-a0d430522d4d;2024-06-28 19:21:49.325038;17555;Кандалакша
217151891199087640712;324007de-5930-4787-a34b-75727d9fee3f;2024-10-10 15:36:22.340027;20881;Октябрьское (Хант.)
217151891199087640712;acc08c9c-7476-45c0-85dc-4867cb97d700;2024-09-21 11:48:45.088439;30032;Озеры
217151891199087640712;2ac0f229-b13d-49ce-853e-db21188b80b2;2024-05-13 01:23:51.484105;220195;Алдан
217151891199087640712;a39de14a-8deb-4f7a-b6e2-cf69c0726e67;2024-04-08 00:27:41.293179;15763;Грозный
217151891187983173345;8b216bcd-7d4b-4333-a7a3-ec139aaf3ab0;2024-06-26 08:05:30.271097;37249;Петрозаводск
217151891187983173345;2d855a7f-157e-4a03-bb30-9646609f2358;2024-06-20 01:19:25.569726;15460;Тамбов
217151891187983173345;cf6323f4-1f68-4dde-a95b-70e6fc9fb06f;2024-01-06 13:30:42.247328;39520;Краснотурьинск
217151891187983173345;5aa358fa-77ff-4479-8438-23edf9daa419;2024-06-02 22:14:36.787664;30122;Королев
217151891187983173345;7a864c3d-bef5-4ba4-8929-fc1ab342a9de;2023-11-13 17:56:49.261996;9826;Владивосток
217151891187983173345;972a283d-4e33-4f91-8c5a-1629f2800d44;2024-09-17 22:08:19.414199;12196;Омск
217151891187983173345;6f663c2f-180a-4416-8dc4-890c4c50f47a;2024-05-20 22:12:48.982399;39761;Волгодонск
217151891187983173345;66b62006-4e90-4c40-9cd8-703edf38356e;2024-08-15 01:22:20.384760;26650;Радужный
465191497945800390141;583d7a7a-b474-4fd4-a090-3c5cad8ad136;2024-04-24 21:06:05.653093;4712;Абакан
465191497945800390141;d8813ac6-ec2a-4495-9c0d-0c8a9205a5f5;2024-10-21 05:12:39.510390;20348;Тольятти
465191497945800390141;a2477592-0e5c-45f9-aef2-e8f04d0e01f9;2024-09-11 14:01:54.558783;17212;Мокшан
465191497945800390141;69b0f1bb-9c5d-46de-bdd3-dd3935d5ae10;2023-11-25 11:03:46.444646;43997;Мичуринск
465191497945800390141;462276c2-b7dc-454b-b33a-3ec36800281a;2024-05-12 09:01:55.796978;36785;Новокузнецк
465191497946090506361;48a80743-4589-415c-ade6-048e78a5553d;2023-12-09 17:48:19.047184;46798;Рыбинск
465191497946090506361;4f9ded42-30cb-4fef-8a9e-df43de03abfd;2024-09-13 05:42:40.015586;228059;Ершов
465191497946090506361;f639cb82-9e83-4755-98d1-a057505d74b5;2024-01-16 10:48:41.392945;33300;Тверь
465191497946090506361;95b01274-fccd-484d-8b31-ccee7ce8cda1;2024-05-17 15:42:09.413193;47818;Одинцово
465191497946090506361;aba55b4a-3a2d-42b8-9024-a0725ab9b143;2023-11-08 22:29:37.725343;15775;Кимры
465191497946090506361;8d10796d-0b0b-42b6-8ff0-e54a89284c84;2024-02-21 09:34:58.669971;38568;Березники
465191497946090506361;eb163be5-1040-47de-8609-333fdef11d35;2024-05-09 02:42:45.278897;17703;Шуя
465191497946090506361;8bf0132c-16c6-41c9-8e97-11516081fa45;2024-07-17 01:39:04.487246;26586;Юрюзань
465191497925072632280;3d65b6d5-0a04-4f93-bd89-a3a85a058220;2024-05-02 16:00:53.230691;29518;Вендинга
465191497925072632280;6b366ca1-5e4d-453e-af3f-907391bf7606;2024-01-24 08:15:41.213379;3811;Приморско-Ахтарск
465191497925072632280;98911835-dce3-4c6e-b105-5c1a5f7efe4c;2024-03-27 19:50:17.228648;373291;Усть-Илимск
465191497925072632280;9c761d52-dc92-4b91-b22d-9eb7a298d9e8;2024-05-09 02:09:21.854283;12174;Якутск
465191497925072632280;ea103cd3-7d1a-469c-a9ec-9820bd05f079;2024-07-10 08:11:49.052469;18413;Славгород
465191497925072632280;581fbaec-9984-46d4-ae79-4f650b669cf1;2024-03-04 10:46:46.090124;34918;Чебаркуль
465191497925072632280;6073065d-5b01-4e55-8b05-b9af2e629dda;2024-07-05 04:21:18.872938;28730;Воронеж
465191497925072632280;515ca808-9c6f-46fc-aae1-c826708d2547;2024-03-15 16:24:27.469686;1636;Краснодар
465191497998092536384;9e1c2333-ef55-4440-869b-400b19c96d6c;2024-06-01 16:27:44.240542;38296;Долинск
465191497998092536384;c8cb5c39-4d57-4318-9dfa-6dc4aaacfdb6;2024-08-01 15:54:49.883411;35664;Верхнее Пенжино
465191497998092536384;f691f937-e1ac-452f-89c5-70ab01f10ffa;2024-10-18 14:59:47.825885;2236;Андреаполь
465191497958350262840;4abb7c55-aa65-4708-81af-8e741ced9c75;2023-12-19 04:50:05.221539;12655;Билибино
465191497958350262840;67c23f59-846b-4952-8332-e854bd90dd1d;2024-06-14 20:15:39.148633;39379;Можайск
465191497958350262840;7ebddebf-33a0-4eb5-8db6-b4e8580653a7;2023-11-29 05:56:09.845357;26688;Северобайкальск
465191497958350262840;6397ea71-f55f-42e9-acc4-d0137b482a00;2024-09-24 21:53:10.161782;39635;Тюмень
465191497958350262840;d44372d2-b348-4f48-99df-2fcf3431e4c2;2023-12-02 21:04:24.930350;40734;Урюпинск
465191497958350262840;fb4c3699-021d-4e01-94a5-70b2ad6aa2e4;2024-04-06 04:50:00.001107;46609;Снежинск
465191497958350262840;96afec99-8edf-401c-9c94-50d86324e600;2023-11-02 05:53:25.444741;42088;Уссурийск
465191497958350262840;3a0d38ed-1062-48e3-a648-4f545c672425;2023-11-17 00:38:59.987630;23790;Сыктывкар
465191497958350262840;e09b80d7-6595-446a-8202-03cbcfab9c18;2024-10-05 06:47:03.005087;22247;Охотск
465191497958350262840;f2b8f28d-9d87-4051-a066-05b057c20cc1;2024-04-27 12:49:44.782481;16849;Тосно
366857226167224189820;438d9b36-7830-45cb-bb39-f705cb401842;2023-11-09 03:24:31.714072;20910;Макаров
366857226167224189820;5d4076ad-beff-4a3d-9f9a-592d3f76bb78;2024-06-25 09:50:53.330830;31285;Кировск (Ленин.)
366857226167224189820;db1c089d-cc30-478b-87ee-484c93c94757;2024-02-01 08:39:56.143834;25886;Верхоянск
366857226167224189820;f2ce1587-d4c1-470d-b62d-0fd35f552ac7;2023-12-21 00:50:17.801296;24538;Хатанга
366857226167224189820;a1d06480-8a0a-4d0f-878e-048c04e5c45c;2024-04-10 05:37:01.078372;27184;Ардон
366857226167224189820;a0863adb-d7bf-4204-b073-783a4bdbc6b1;2024-10-09 08:30:52.449679;143408;Стрежевой
366857226167224189820;9bf39e75-b07e-4fd1-a459-aff80b1d13dc;2024-06-21 17:49:21.818150;27624;Череповец
366857226167224189820;ff3d5d6a-fe40-425a-9e97-bc799ab75001;2024-04-13 13:47:30.941143;2281;Шатура
366857226178883678055;04918fdf-c164-423b-89be-64c6b028d2c1;2024-09-11 03:53:46.379234;49345;Кош-Агач
366857226178883678055;1f98343e-f318-4fc8-ac67-98997bc2d0fa;2024-10-19 23:29:35.324558;30686;Богучар
366857226178883678055;f683acaa-83d1-4923-bae0-36e22a13da28;2024-05-12 20:01:38.533513;30695;Двинской
366857226178883678055;8f3cf8c7-296c-4faa-bed0-4af41cc76012;2024-05-27 15:15:53.737345;9642;Нягань
366857226178883678055;b094e4c3-c64b-44a1-b76a-10d8258a6df9;2023-12-28 17:20:30.685839;46845;Усть-Катав
366857226178883678055;2cf63d69-6258-42d0-898d-72ce503850ee;2024-04-04 06:53:28.161903;25027;Гремячинск (Перм.)
637601390984171383232;63882686-e7d8-437f-ba7c-831b7d605998;2024-05-19 06:37:20.461756;36280;Ачинск
637601390984171383232;8a068766-3516-4831-9ab0-5c45a41f24e8;2024-05-03 10:19:32.340049;180597;Стрежевой
637601390984171383232;4f11dc3c-3eef-42a4-a9f4-71a5203623a9;2023-11-04 02:27:41.019009;29854;Краснотурьинск
637601390984171383232;8cfb1c1d-160e-4e03-8527-17df2b9d225c;2024-06-06 20:07:06.742396;26611;Шенкурск
637601390984171383232;7fd3fae2-f57e-4b94-bb24-dd075f028315;2024-04-17 06:49:29.144488;34868;Вытегра
637601390950967810269;7e6d7b57-b583-4e46-a243-c215c0b2c2d0;2024-09-23 18:56:29.349110;19261;Лесной (Сверд.)
637601390950967810269;38bf7656-752e-4254-bced-13d7a1f26a2c;2024-10-14 19:26:46.393933;28736;Красноселькуп
637601390950967810269;c102be4c-bff9-48db-aa3c-4b33785be938;2023-11-22 23:29:47.064267;33139;Мураши
637601390971402101472;f4091ab3-3145-4fbc-a925-fa62ec52df7e;2024-08-16 18:55:05.638188;37974;Хасавюрт
637601390971402101472;450d8f12-e277-4ffc-af32-0473b05ec53b;2024-05-06 06:31:35.206309;47864;Миасс
637601390971402101472;bbc3a5ef-f765-4cff-a466-885f1e66e5c1;2023-12-17 04:52:47.071437;11495;Лянтор
637601390971402101472;bc491145-3a9a-419b-9828-499daee0f1a1;2024-08-22 11:07:52.676759;45457;Кижи
637601390971402101472;15be3c8d-2404-4523-978f-2e7daa58252c;2024-01-02 19:34:12.605446;48188;Чайковский
637601390971402101472;25a51008-c91b-4783-a36d-3119f9aa99dc;2024-01-05 21:57:55.290973;17493;Бирск
637601390971402101472;875f840d-ff56-421d-b092-e299932d5bf4;2023-12-31 16:12:13.430553;190340;Крымск
637601390971402101472;ee93c249-7ec5-4d56-a9e3-49d1e44b2dbb;2024-02-22 16:54:26.881353;45110;Буденновск
637601390971402101472;a965cb5d-cbf3-4def-993b-2439c50da3ad;2023-12-04 15:57:19.864202;230243;Красноярск
637601390971402101472;ba0654dc-b232-4eef-b102-66ae67b00155;2024-04-13 02:08:14.106746;328259;Курган
637601390946944483259;89575daa-34f8-4730-b3bd-d299b094e887;2024-03-31 09:19:53.899817;34244;Магас
637601390953593348756;65edb974-eae9-485d-9128-bc9b46d701d2;2024-09-08 13:43:26.590268;4930;Нефтеюганск
637601390953593348756;7edfd747-0f21-4e2e-8016-bffcfa546f4c;2024-03-02 21:57:00.175079;34935;Минусинск
637601390953593348756;20b09eed-0dc8-4064-b425-617ec8c7af69;2024-07-28 08:53:04.226364;27106;Сорочинск
637601390953593348756;292634f8-c433-4a51-9515-a2acbb89b029;2024-09-29 01:06:01.665682;44599;Домбай
637601390953593348756;3fe4960c-8e3a-45e7-a551-ea70453a08df;2024-01-14 09:38:56.451630;7473;Архыз
637601390953593348756;7cbc16b3-63f3-49ca-98e1-c92dd582534a;2024-04-15 15:43:25.597407;7863;Томпа
637601390953593348756;a24e90e5-d227-4e57-adca-fc68f5495df1;2024-05-12 18:49:42.668030;43429;Дербент
637601390953593348756;868f2bb0-9d69-42b4-8618-654e0a49207c;2024-08-17 04:08:28.937310;49748;Шерегеш
637601390953593348756;ad8431a7-4fd0-4afd-ada3-2d6f9854e94a;2024-06-16 12:57:38.912510;23139;Кисловодск
637601390953593348756;eb3c21bf-260b-4c50-8aec-63d7b3c535f1;2024-03-24 21:33:07.321492;35444;Дмитров
637601390963887292628;d1073297-82a2-4978-ae40-0736b2262c2e;2024-03-08 16:09:12.813630;18716;Усть-Илимск
637601390963887292628;d55dcf5e-34de-4d1f-86ed-3553a8a371e2;2024-05-22 23:48:18.646072;29591;Ачхой Мартан
637601390963887292628;9bf8f224-bf6a-447a-958b-4d229404a88f;2023-12-18 03:41:25.867102;288396;Волгоград
637601390963887292628;2ea6df0b-1912-40ff-9053-9e3d265d3c98;2024-08-16 13:39:27.564931;492428;Солнечногорск
637601390963887292628;ead14a1b-329b-4d9c-992b-ffbd6835fbf1;2024-03-16 04:30:38.878328;1874;Уфа
637601390963887292628;cb2334a8-86bf-4588-86f6-6290879157e5;2024-06-15 06:00:41.652541;34209;Новосибирск
637601390963887292628;51567647-c108-4a60-9ca8-83054a28b100;2024-02-21 02:16:34.169456;28917;Назрань
637601390963887292628;43545fba-d0f8-48ff-ba21-42ec7c50eb03;2024-06-26 07:02:23.304266;19096;Губаха
637601390963887292628;2d5d9638-1584-4d8d-8dca-359dd2e196ff;2023-12-29 01:34:50.949141;43230;Токма
637601390919330933308;cb3b9624-4735-47d6-8eb6-fefae7846929;2024-06-02 20:22:27.879363;10371;Светлогорск (Калин.)
637601390919330933308;9a42c9f0-26ac-4952-9511-f92e92a5260b;2024-05-27 03:34:17.849913;17179;Тында
637601390919330933308;e0278a74-e339-486f-b5aa-f8c06b745574;2023-12-12 17:20:50.849249;15634;Черский
637601390919330933308;21777256-7a0d-4b12-bb0c-41e0faf10823;2024-04-01 23:34:39.520129;46087;Усть-Ордынский
637601390919330933308;7fe21323-f053-4806-9ec4-5b7dfacb783b;2024-01-12 11:08:37.321290;32431;Одинцово
654038104767636790819;45a296f3-5bc7-4f22-befa-12d187bc7d5a;2024-01-09 21:12:49.321344;22847;Амдерма
654038104715489330872;e9d442e9-69a2-41ef-8090-31c04d3a1681;2024-01-20 09:53:42.237686;43947;Льгов
654038104715489330872;5c84aeb2-034b-4dfc-9e19-14e3e734ed9f;2023-11-17 03:53:19.377330;15328;Вологда
654038104715489330872;b8f770a2-b845-478a-b113-ccbae1d43027;2024-01-11 17:30:17.372712;18632;Ревда (Сверд.)
442171997169495391347;53992cbc-fe34-4dec-b44b-faebe897090f;2024-08-10 22:11:30.922287;49594;Мытищи
442171997169495391347;5466771d-96b7-49ed-b734-ec30c41c5b09;2024-10-12 08:28:10.708937;42391;Дно
442171997169495391347;ab47281d-0d79-4a2b-95be-25012e302d9d;2024-09-08 07:52:59.284700;1711;Кырен
442171997169495391347;8347397b-8d6f-4e9c-bcca-296ccdf8ea42;2024-06-19 23:15:58.498241;30818;Ревда (Сверд.)
442171997169495391347;225de4a6-0f1d-4516-9e8a-2ee2bfa0db25;2023-12-01 07:03:42.476546;26619;Александровск
442171997114879985190;81dd6eed-2233-40a5-8359-e437f1b192d6;2023-11-10 11:16:49.142636;8242;Вендинга
442171997114879985190;3f6339bd-f797-4ea9-96b3-107c423b0976;2024-05-30 06:14:15.151777;38940;Череповец
442171997114879985190;a7353fe3-0051-44fd-aad8-c96a54129f2e;2024-06-28 19:26:00.615206;29909;Соболево
442171997114879985190;eeb512a4-bfc9-4a7e-a1fd-3d990fce5e0a;2024-09-03 09:40:53.007014;46178;Октябрьское (Челяб.)
442171997114879985190;29aedac0-f083-4ced-ba67-530935bd8c5a;2023-10-28 02:30:40.967302;7451;Тайшет
442171997114879985190;fc7ea13c-0d51-4436-ba22-c3260acdf4c9;2023-11-19 13:17:08.695492;16989;Арсеньев
335406262672780225201;30528c17-9090-486b-bdaa-fc881325a723;2024-04-01 08:45:10.383302;40967;Ангарск
335406262672780225201;b706adef-f200-4904-830f-cf9925ccb2d0;2024-10-19 19:39:42.435932;34304;Гремячинск (Перм.)
335406262672780225201;994c3218-9e18-411c-b5d1-04917f3b0f78;2024-06-18 07:28:46.378387;43279;Тырныауз
335406262672780225201;7cc5a009-680f-4a88-85a3-7f5a7f7256b1;2024-08-20 09:26:02.822153;12158;Шереметьево
335406262672780225201;97524497-e1d3-42ec-bbfb-78ddca6862da;2024-07-24 00:51:16.694440;3182;Гатчина
335406262672780225201;be397bf9-4645-4a9b-8fdb-262c2aa38dcc;2024-01-10 03:01:57.002804;23615;Усть-Катав
335406262672780225201;b05e259c-50bb-4d1e-9077-d18218465125;2024-07-09 08:58:41.056201;1334;Усть-Илимск
335406262672780225201;083b9b70-984b-4833-81c8-3e0f1aa92cf7;2024-06-29 22:04:17.141486;23093;Беслан
282813221613823780904;22d13458-0b8e-4b8a-9a0a-f1dc07e72761;2024-02-03 20:37:04.447777;12153;Снежногорск (Мурм.)
497071064988174549064;6206f113-dfd8-4280-b376-0724a1754148;2024-09-15 04:24:54.379236;21168;Серафимович
497071064988174549064;1a2f75d1-456b-43e4-a2f3-8fc85053646f;2024-06-18 13:53:11.606541;10223;Юровск
497071064973605364031;f2a9caeb-3b0a-437c-aee7-66390c6cbc6c;2024-08-12 13:22:21.496674;26017;Сусуман
497071064973605364031;8bfb71e4-b6ab-4c21-b6fd-609e3d043d54;2024-02-27 03:48:48.661857;25940;Жигулевск
995026550885394483334;85edd36a-4a86-44c9-9527-de2f6c7bb664;2024-03-31 03:10:21.560572;26788;Рославль
995026550885394483334;4ee52b45-f318-48c6-8a1a-d4d3a51f39fa;2024-04-17 21:04:08.379707;4435;Новомосковск
995026550885394483334;afe2e193-e17e-4b8c-a66b-9b7fd908c9a2;2024-10-12 18:51:25.113513;15250;Северодвинск
995026550885394483334;aaa0a80e-39de-4cbf-b19f-d7b449ddfb36;2024-03-15 03:43:50.924229;14458;Каргасок
995026550885394483334;5d8de4b0-d9ee-48dc-9cec-76a894a9af41;2024-05-06 04:46:05.421125;42549;Троицк (Моск.)
995026550885394483334;4a1c27d7-58c5-4897-b03b-75fe4e1dfb92;2024-05-31 08:40:44.140185;2887;Черский
995026550885394483334;5c8cf1cd-6e75-4008-936a-702e339a8681;2024-09-03 03:10:34.009580;43728;Кизляр
995026550885394483334;928983f0-c432-4d53-aa3a-bb140327552d;2024-08-02 15:54:52.367642;42331;Луховицы
995026550885394483334;61d834f9-3dae-4608-be71-6987d0694d30;2024-04-12 01:12:04.467608;14228;Троицко-Печорск
396793587876104441412;f9e0012e-6d5c-47f9-8ee4-ea24d31a333c;2024-02-12 18:14:43.547487;44093;Пенза
396793587876104441412;0e5c50c0-f76f-4f1e-ba01-528fa5373cd8;2024-10-16 17:47:51.863401;26267;Нижневартовск
396793587876104441412;c2c5628b-0448-4be8-a769-2516260d1b2a;2024-01-05 00:54:15.343225;14152;Учалы
396793587876104441412;4a63d81b-ec5b-4b84-bc85-a40faac088f6;2024-04-11 20:57:25.023379;10970;Белорецк
396793587876104441412;26d888af-6201-4d60-ab81-75e4ccab2a71;2024-09-29 09:00:54.330239;47100;Усть-Калманка
396793587819663301937;99f14583-c570-4a17-aeab-656691fb6c34;2024-09-22 04:30:50.465573;22088;Канск
823002508272802785824;0600fd75-672a-4c81-8f80-b9a88e3e0f7a;2024-01-19 08:53:02.007470;13925;Уфа
823002508289326771726;7dc9b622-1330-443b-8001-3f2499def60c;2024-01-05 04:40:56.335077;31172;Нерчинск
823002508289326771726;9a034be2-fb23-4e9b-b955-2f72eca37cf6;2024-08-20 14:16:08.233919;24843;Сусуман
823002508289326771726;2ad5b3f4-b88a-49f3-b2a5-36edfd2c47a6;2024-02-02 19:15:37.413437;187202;Тамбов
823002508289326771726;9bdbb43e-c028-40a3-b405-6417347e9f7e;2024-09-08 15:42:55.049329;34854;Новороссийка
572926750823655398391;d1677704-2c8c-4e93-b981-626464b9cfb7;2024-01-16 16:26:40.660356;47834;Таганрог
572926750823655398391;41c8d2b6-acf2-4ebb-a60d-b9861353a8f5;2024-10-17 03:26:00.053878;23869;Оленек
572926750823655398391;ee0d1073-32f4-4cef-af88-e95f7bea84d1;2024-03-07 12:07:48.134389;19750;Сунтар
822903341591768914405;afb80a9f-f601-42d0-b89e-d797d9bb016f;2023-12-17 21:38:38.068292;20462;Ямбург
822903341591768914405;d9947d30-8f4f-4da1-b9b6-57f76adc23fd;2024-01-26 04:26:58.928671;31262;Грозный
822903341537393997906;36f46f1b-4c7b-4570-880d-a26aabe9d386;2023-11-20 16:39:08.956318;37008;Хатанга
822903341537393997906;97a29723-bf59-49a0-bf70-d25693e4df47;2023-11-27 06:34:05.270929;21438;Губкинский
822903341537393997906;85e8812e-8734-478f-8308-c1cda42a5ae9;2024-04-12 21:55:48.808504;463470;Байкальск
822903341537393997906;ca71b77f-4619-443d-b8aa-578de1e0c1ca;2024-03-28 15:57:59.580984;15916;Домбай
822903341537393997906;aca75317-18cb-45aa-936d-9ab17234fbc3;2024-09-27 01:20:55.781728;35070;Уренгой
822903341537393997906;699ca213-08c0-4a4b-ab7b-95973badaa07;2024-07-27 15:11:35.431258;25817;Уэлен
822903341537393997906;34ba49d0-fbe2-43a3-8c19-139a7ace969e;2023-12-02 09:24:01.707477;29265;Элиста
822903341537393997906;1ba5a7a7-4355-449d-83b4-31e53f9ca1b0;2023-12-12 22:39:36.037814;6378;Данков
822903341537393997906;42647dbf-9de2-4c78-b672-dcc9be3eaa7c;2023-11-02 23:40:59.956186;28993;Камышлов
822903341563801531315;95ca4d5a-1010-47e9-be1b-566ad79256b4;2023-12-11 04:04:58.414496;14033;Верхний Тагил
822903341563801531315;9f605191-ca66-40be-abb0-9a6b1a57a9d7;2024-09-20 08:03:32.057940;41920;Макушино
822903341563801531315;48fc1d99-3052-4578-b89e-0feac78aedc1;2024-09-01 01:08:47.789812;39943;Далматово
822903341525456721561;97d7466c-0485-4cb3-ada2-8fa0ef630aca;2023-12-12 01:47:36.121927;5630;Джейрах
822903341525456721561;6de600b7-3b5e-4e2e-a592-7a3e567768b5;2024-09-17 03:17:43.807107;35591;Лянтор
822903341525456721561;d0aeeffa-8c60-460e-b4fd-ff18448d1381;2024-10-19 16:06:51.839001;46014;Омск
822903341525456721561;fb2414b8-c5b2-4150-8820-cdcdecb3f2fc;2024-05-14 01:12:07.874996;49444;Диксон
822903341525456721561;e2eecefd-adf5-4fa8-a237-78af0cedeebe;2024-05-24 13:26:39.090569;23326;Подольск
822903341525456721561;6dd39f53-49b8-45d5-ba26-26a172cf8ead;2024-07-22 19:49:14.939374;15831;Кош-Агач
822903341525456721561;516492b5-ea34-4017-bb5d-a2fcf0177134;2024-01-02 22:55:28.564477;9325;Тобольск
822903341525456721561;69a3dd2a-105f-4da9-aef3-6666262b6e54;2024-10-10 12:08:04.606752;44300;Александровск
811911983724739330192;aa6e42fb-3747-49c3-b7c0-05950ead60ef;2024-02-02 19:56:46.231196;31516;Джубга
811911983724739330192;3be99dfa-2b29-4816-b187-f733a6539fa1;2024-05-06 19:08:02.302537;7846;Шелехов
811911983724739330192;8a1e245f-128f-4f59-b967-4a3f14a2429f;2024-03-10 18:34:24.480952;47080;Петухово
811911983724739330192;143aee6d-0b64-4564-ab59-1ddef0aa8e42;2024-02-01 10:59:54.076833;34451;Жиганск
811911983724739330192;a56abe4b-7dec-4de7-849e-c7545d548c70;2024-04-11 19:00:25.075457;1109;Беломорск
811911983792106286125;3b4ed85a-6299-43cb-823b-dd24642cbbb9;2024-06-24 15:21:24.662843;397446;Чегем
811911983792106286125;b175849b-e41a-4afc-99b8-20147a7da3b3;2024-01-26 05:16:41.281998;22461;Анапа
811911983792106286125;6b649058-28e7-4d73-bda4-7883c954545c;2024-09-16 01:36:48.642978;21547;Москва, МГУ
811911983735733616797;34c2abb1-1387-4d36-85c5-1481ab72710d;2024-06-02 21:47:28.682719;250508;Сарапул
811911983735733616797;3e3851e9-190a-47e2-9231-f4917fb92b4b;2023-12-04 08:02:01.955427;44788;Балашиха
811911983735733616797;c54521ab-9072-42d7-a456-7b99783a59d7;2024-07-12 22:27:00.594507;47691;Котлас
811911983735733616797;8019f5a8-a6d3-43f2-bbab-a1db725cc2fa;2024-08-03 22:50:46.768329;42417;Яхрома
811911983735733616797;329153ac-c9ee-47cf-b956-3e917688204b;2024-08-19 07:38:43.977831;7872;Вуктыл
811911983735733616797;8fcc8d43-7662-4191-a479-76fa84b8be43;2024-06-28 17:22:05.949820;25832;Мостовской
248016497087713694786;7dc991b1-124c-4737-8364-7fd351614002;2024-05-17 17:45:49.081783;39639;Дмитров
248016497087713694786;97051af8-0c83-4864-ad39-b52b865604d4;2024-08-15 20:25:24.666149;3253;Туапсе
248016497087713694786;3ee0dc70-ba56-4483-9473-84233db8f528;2024-07-12 11:35:01.897365;1510;Камышин
248016497087713694786;8df2f908-9c2b-43c6-a15a-4945ccdf50ea;2024-06-14 21:22:15.171063;14322;Славгород
248016497039316484381;6ab92a6a-7e2d-4125-bfe4-0aa1f7b88c72;2024-01-13 04:01:31.920761;28977;Калязин
248016497039316484381;7a6bcee9-4e43-4272-bd01-b5359caa7b10;2024-02-14 00:15:32.281868;15704;Вязьма
248016497039316484381;fe52ecf0-37c5-45a8-b6fa-a15c745d7a2e;2024-07-09 16:04:16.102099;15379;Карабудахкент
248016497039316484381;bba8e6b4-0790-44bd-9fbe-85fce5798dfd;2024-02-23 07:37:58.208602;4116;Раменское
248016497039316484381;2f2d9c52-d899-45eb-b609-42f67f7284c2;2024-01-06 10:05:55.210619;17548;Чайковский
248016497039316484381;995eea57-4d6b-493b-89b3-c182ca7f2f50;2023-11-09 23:29:37.752217;44540;Александровск
248016497039316484381;191d7546-1f87-4ac2-89be-b07651113495;2023-12-06 06:12:00.698990;36889;Певек
367041114746185362239;1c4ffeae-db61-405f-9e08-810ea7031ca0;2024-02-20 13:09:22.008938;23803;Нарьян-Мар
367041114746185362239;a8bdbe35-09b8-43d7-9e26-61da31e470eb;2024-07-12 00:33:30.790330;9068;Усмань
367041114746185362239;5629e9f0-10f0-4e3d-91a5-80ed4c31d320;2024-02-22 22:52:41.185672;35295;Сергиев Посад
367041114746185362239;01d490f6-2a72-4cd2-aa0f-eefa868c585f;2023-11-12 09:28:50.999156;14407;Сусуман
367041114746185362239;c1bb3160-e8b8-4877-a914-821f16a837e0;2024-02-15 05:20:19.181341;26415;Люберцы
367041114746185362239;02fdb30b-1d1e-496a-909b-b8c7a465089e;2024-01-19 19:32:50.210699;14928;Нягань
367041114746185362239;4a83a9f8-cda7-4600-aef2-631e6d5bb134;2023-10-29 17:01:14.730912;2559;Тамбов
367041114746185362239;9cad0ec0-d65a-4195-a8d1-d811d16fae06;2024-01-31 01:39:43.104309;7848;Жуковский
367041114746185362239;71eeaa63-12d2-4042-a62c-909131d34ea9;2024-07-14 23:30:49.067994;46245;Туапсе
367041114756860212330;1843f927-4852-4454-9ce2-a5fbb2be3941;2024-08-06 16:53:12.735137;18868;Череповец
367041114756860212330;fa566638-e94a-4c95-8400-35a05c1db948;2024-04-02 09:14:35.187419;3802;Домбай
367041114756860212330;de28c01b-4e02-40cd-a956-371ac2b3eb28;2024-09-12 01:02:24.362628;40106;Абакан
367041114756860212330;3079da59-beb3-4895-9f3c-fc09315de9eb;2024-08-08 15:42:43.370461;5154;Мураши
367041114756860212330;395fb6d8-9faf-4895-8266-ed2285a70487;2024-02-28 21:18:57.543157;15192;Буйнакск
367041114756860212330;04b03afa-d238-4cf9-b1b9-62892c2f7cfe;2023-12-05 10:14:21.660775;22212;Ершов
367041114723502717744;eff1da6b-5248-4d86-9314-f12b17b0742a;2024-05-03 23:15:42.819762;35642;Белокуриха
367041114723502717744;d80eec82-ec8b-42cd-a1eb-9f87a1829899;2023-11-15 04:30:45.675334;5332;Щельяюр
367041114723502717744;8df8ae1b-4426-4a27-b67c-adb00f807f78;2024-01-19 00:09:29.367016;25973;Сковородино
939962603617354597980;139d0f27-2e0e-4f4c-b199-a9cfcb1eb2b4;2024-08-22 00:06:45.208615;44211;Тюмень
939962603617354597980;dbee650f-527b-4e74-bffa-e4d1d999ee34;2023-10-27 04:51:06.297995;34460;Тихорецк
939962603617354597980;b7277f6e-92a9-4774-9046-091d8fda4766;2024-10-15 01:58:28.279848;1979;Шуя
939962603617354597980;50f1f3c2-6493-4270-80de-e15a257d0195;2024-08-03 22:10:27.128695;19345;Чайковский
939962603617354597980;74a873cc-10c0-4e66-a006-41f09aaa3891;2024-07-16 01:31:24.326478;14881;Горно-Алтайск
939962603617354597980;d879661d-7392-4861-b886-99e7e1dda065;2024-01-23 21:58:53.264104;19931;Вилюйск
939962603617354597980;6f735ffc-7bdc-46b3-a228-5503f3a0b3f6;2024-09-19 01:33:38.631384;48631;Мурманск
939962603617354597980;bde874b9-9b18-4348-ae64-53149a2f4edd;2023-11-29 12:47:39.767388;4508;Гаврилов-Ям
939962603617354597980;6139d246-4151-4cc3-842e-5d0c20282ff3;2024-10-05 16:53:33.912296;11580;Тихорецк
939962603617354597980;d21223f9-90aa-440a-8cdd-eb313a8a99bb;2024-02-13 17:26:00.343822;30507;Славгород
939962603696308417190;de4cc2e5-fb06-4c8c-904d-419b4c58ba7c;2024-06-22 13:23:33.741353;44145;Соль-Илецк
939962603696308417190;773e19a5-69d3-4589-925c-2b341faec63f;2024-08-04 03:54:39.215997;31825;Ангарск
939962603696308417190;91c21254-b0de-4cec-baab-ed516a83a685;2024-08-08 22:33:16.438491;32225;Белый Яр (Томск.)
939962603696308417190;70448315-1e62-4ab3-a22e-0db9f99f22cf;2024-06-07 01:28:51.414069;14310;Игнашино
939962603696308417190;18742a65-8862-4f35-b6c0-b234623f2a3a;2024-06-13 21:52:51.636090;48001;Великий Устюг
939962603696308417190;41d62371-ee72-4681-bd98-068e6a8996f2;2024-09-07 04:46:07.340046;304322;Луга
939962603696308417190;15f0af68-fc8c-4f4a-87b0-e9f2eb22467c;2024-09-26 02:43:29.454143;19310;Заводоуковск
939962603696308417190;549f8dba-6b01-4663-825f-8ad92c1c1308;2024-08-09 16:19:14.994065;45530;Верхоянск
591103137377532129968;bdb38ab1-fec3-488b-831d-6a4716fe889d;2024-08-11 18:18:58.022840;24004;Жиганск
591103137377532129968;60234665-c1af-482a-9fcb-b811f9e69be6;2024-07-04 11:19:11.685383;18630;Щелково
591103137377532129968;7794c0e7-8c2a-40b2-b60c-b2b5448b9144;2024-10-10 06:05:22.328976;33891;Кашира
591103137377532129968;3cbcbd1c-d069-4e3b-accf-559daaa99c24;2023-11-13 09:05:06.307245;48784;Тавда
591103137377532129968;d73a248b-0ebb-4a32-8bdb-ba9b4ae9e870;2024-04-15 08:31:00.644835;30049;Кунгур
591103137377532129968;a4c6966c-5677-4dd5-8d61-f866bc3e4bed;2023-11-24 22:30:31.577955;9658;Меренга
591103137377532129968;1273ace3-97ab-4c3e-8254-a35697183339;2023-12-23 10:49:14.478532;8977;Краснокамск
591103137337157406723;7fbe0602-3522-40bd-9bf2-86f4e97bb068;2024-03-10 15:03:50.898124;16706;Белокуриха
591103137337157406723;c68ec730-4368-44e7-9de0-d2d3686106a1;2024-01-21 14:38:06.578505;37989;Шилка
591103137337157406723;b92df5a4-44c6-4c18-aed4-2f7634dc9bcd;2023-12-29 14:59:07.930015;37036;Когалым
591103137337157406723;2904b855-17c4-42dc-91b3-2c9cbc03e0b4;2024-06-28 04:55:54.009913;41989;Челябинск
591103137337157406723;1a604a09-215e-4c85-93d5-b02cc8b0e1d4;2024-07-01 21:49:34.857689;35552;Омск
517919093630451693946;bd4d3e8a-5cd7-4d0e-b505-fd64ea54b674;2024-04-18 21:35:59.606726;9039;Мелеуз
517919093630451693946;973bbc8c-6ae4-4b1b-b508-3f10a65c45ac;2024-04-29 08:59:31.657454;27152;Печора
517919093630451693946;fd6e17d9-7fa7-455c-8a96-c1114af1f736;2024-07-28 20:57:25.085782;30429;Тобольск
912153924393352360812;1c42caa3-fba6-432e-8e27-93e6b3666209;2023-11-20 01:32:56.250173;3828;Троицко-Печорск
912153924394856301352;1e422ae7-a461-4956-8921-4a640cf6813a;2024-04-10 14:28:23.248480;35197;Тотьма
337421128034337974473;0caae2de-231a-41df-ba87-570ea3719417;2024-09-07 10:43:41.744236;12542;Миасс
337421128034337974473;b426afe2-78dc-4b60-b58f-54fd18b9fa6d;2024-10-02 16:28:40.484435;31025;Абинск
337421128034337974473;135e7c87-185c-4cc8-b355-c21016243745;2024-09-13 15:20:42.719654;41082;Корсаков
337421128034337974473;a95ef379-1aa4-4ecd-856a-93f1e6ab6731;2024-09-14 07:36:46.745914;27530;Уренгой
337421128034337974473;a255df4a-f6a6-4a37-bc89-117b7cac3605;2024-10-19 01:29:17.463741;26572;Дзержинск
337421128034337974473;97d026d8-7120-4f1f-b643-2d01303b5dcd;2024-10-06 14:06:20.940806;49298;Руза
337421128034337974473;e85780fd-694b-4551-9fa0-42a3b78d1983;2023-11-23 01:53:55.818361;49428;Билибино
337421128034337974473;d966b4bb-e143-4946-93f2-a60296022706;2023-12-23 21:56:28.928232;28342;Нижний Новгород
337421128034337974473;d29559d8-54e2-481c-95ce-222503c1211b;2024-06-19 18:20:44.330242;5138;Бугульма
337421128034337974473;1d4a4a7c-9b08-413e-b3b7-fba1feb800bb;2024-05-22 16:49:02.687318;22722;Усть-Катав
337421128049656436436;334283af-052c-40b7-a9cf-0b3dc1dfec11;2024-03-11 17:48:16.088993;42251;Звенигород
247842412092870237418;f9528704-33cd-4984-87bc-970dd7f77471;2024-08-14 03:32:28.360547;417653;Неплюевка
247842412092870237418;ee50f872-2551-4d78-ada3-d05a132082d8;2024-06-14 22:34:18.460379;13133;Елец
247842412092870237418;d5b1ec94-3286-4d25-a203-6010b4b214c6;2024-06-17 20:13:23.217074;19678;Малоярославец
247842412092870237418;4a62cad7-2b90-4fd8-bcdc-fba2b79f8ca9;2024-08-11 09:44:06.923878;47675;Южно-Сахалинск
247842412092870237418;7e9623ac-c066-4398-b84f-358be818a8d4;2024-04-03 19:29:50.459196;16100;Ишим
247842412092870237418;c3ca9491-8392-4578-b6e7-85b4ac79041d;2023-12-12 23:21:50.184467;36060;Рыльск
247842412092870237418;78221598-ac13-4adf-8a04-c613232be4a0;2024-01-11 05:25:53.362551;7567;Усть-Кулом
247842412092870237418;13a915a6-5373-4f99-b4e1-ddbdd0516600;2024-07-08 12:06:49.521578;11254;Каспийск
247842412092870237418;660567f4-7c53-4c05-9ff0-460615cf04d6;2024-09-09 15:55:55.986475;49165;Благовещенск (Амур.)
247842412083748563703;245330ea-6bb2-4246-b727-aacf08af680c;2024-07-23 06:24:29.705633;42578;Мокшан
247842412083748563703;ad66796c-5daf-4f88-9e86-01b40a86a2a6;2024-08-15 11:02:52.189809;35823;Надым
247842412083748563703;96dc3c1d-ffae-4ec1-8688-1bf36ac3ddc4;2024-04-17 18:35:42.235529;48513;Кулу
247842412083748563703;749a32e8-665e-4165-8b29-3a3e9babd0e2;2024-04-26 18:58:01.607841;15411;Яшалта
871496467243608602070;a8840c93-61a5-4b9a-aec3-6ac6e6f69cb7;2024-10-07 22:06:26.878732;9662;Улан-Удэ
871496467243608602070;ac959dcc-23f1-41a5-9abc-4b4c1065abdc;2024-08-28 01:43:52.554334;44772;Губаха
871496467243608602070;3e945847-4b7b-4dcb-85b7-87dca1b281c1;2024-09-25 19:15:00.303406;44222;Павловский Посад
871496467243608602070;803fe152-6ce9-4e86-b773-b84e8b3542f2;2024-09-04 13:25:33.503374;22592;Якутск
871496467243608602070;810249af-fde8-4972-82d2-5d3ed9ba5658;2024-03-21 06:04:56.054206;44634;Ирбит
796862105038491825786;24f5ba91-3672-46f4-92c0-96c81760d726;2024-10-03 17:49:22.659370;45702;Шереметьево
796862105038491825786;9276dbfb-d5cc-466e-aaea-39ee5919a0df;2024-04-03 05:36:44.174188;22125;Сосьва (Хант.)
796862105034982372756;ff9355f6-180d-45c6-b97a-a2becdfddf3e;2023-11-11 23:13:37.402379;31853;Мостовской
796862105034982372756;48501ec7-4e03-4ac7-8062-7b7d3e3534ac;2023-12-23 21:50:41.166104;12321;Ивдель
796862105034982372756;af87524a-ee4a-43bb-9b5b-1697e8112d4b;2024-01-09 05:45:46.521595;21712;Слюдянка
796862105034982372756;9527710e-6d61-42d1-bdfe-23983d4d1540;2024-04-23 08:54:59.391772;47033;Двинской
796862105034982372756;bbccfba0-4a51-4c9f-a9dc-c0c392670a7f;2024-02-28 10:58:57.423299;5269;Кисловодск
796862105013240907815;2271c153-1e3e-4ace-9212-9a2be0f5e4cd;2024-01-04 05:42:30.488101;37188;Ахтубинск
796862105013240907815;9af8a16b-d8de-49f7-9205-1165dcb1a5d0;2024-05-16 02:14:55.616316;44350;Оха
796862105013240907815;db100691-97c5-4c03-8e56-d222751e1d25;2024-05-30 10:56:44.690773;9955;Владивосток
796862105013240907815;3d23eb1b-f028-476a-8305-40656c282a75;2024-04-03 19:43:06.507906;26659;Наро-Фоминск
796862105013240907815;ad0748f2-7bb7-410f-8a69-801bf154e207;2024-06-21 15:38:01.574262;22910;Невинномысск
796862105013240907815;12bdfd54-2be4-40eb-ad06-bbadda479cd8;2024-03-29 03:39:02.768992;49884;Сосьва (Хант.)
796862105013240907815;d759fa96-17fe-4d35-a74e-6e84debbdfc7;2024-02-09 18:37:57.820385;29257;Внуково (метеост.)
796862105013240907815;1773b2ba-f476-4780-a25f-e854db06cf4c;2024-01-17 19:06:08.034856;38352;Буденновск
796862105013240907815;a092bcd6-b3ff-4c14-b924-f7a1dc681f04;2023-11-20 11:28:13.538025;7043;Тымовское
796862105013240907815;d6fb5ccf-be3c-4812-b4f2-075c48744d06;2024-02-18 05:03:08.507255;9478;Нижнеудинск
796862105077552801417;11857cf1-b4d6-4f5c-9606-d4241860ad7a;2024-05-25 04:30:20.755450;6916;Середниково
796862105011146590130;45ce7dda-aa66-47b1-a50c-c565c0f959ce;2023-12-22 16:20:29.075455;29366;Красная Поляна
796862105011146590130;004cada2-7545-4be2-82b7-7de746886da1;2024-05-26 01:45:14.832995;26298;Архыз
796862105011146590130;20ed79d3-cb48-4c27-ad5b-1d6255bfe049;2024-07-26 07:54:57.450716;18699;Раменское
796862105011146590130;b2da12f0-e60f-4485-8f70-2ef556b7fd98;2024-08-31 19:28:28.999031;47431;Псков
796862105011146590130;4e2ab3b9-f051-4fe2-82ae-398961fbe39f;2024-07-15 10:47:17.218008;12243;Тольятти
796862105011146590130;c13bc066-4c4d-43a4-bb9b-b3ce79a23f66;2024-03-16 13:36:50.026507;40705;Чикола
796862105011146590130;f6f886e4-e2d4-48ef-bb0f-8508d7009c8c;2024-07-24 19:39:55.641922;45961;Каргасок
796862105011146590130;d200cfd5-b519-4e57-9849-a73880c1d6d5;2024-01-16 07:36:53.108942;30628;Мостовской
796862105011146590130;14f717a1-ee71-446e-8b6e-f84dc5d16d40;2024-08-26 06:25:43.475758;25629;Чебаркуль
796862105011146590130;eed29962-89ba-4e1c-b0e7-8341213da1e8;2024-04-27 04:17:30.081651;34787;Канск
428094577534861129404;9be959f9-1364-4f88-98ac-4f321a179bac;2023-11-24 05:10:36.705198;336070;Тотьма
428094577534861129404;bf89f360-3c37-4a2e-a164-3b4318833321;2024-10-01 13:29:47.510909;35170;Быково (метеост.)
428094577534861129404;9bc5cb6e-7b86-4ea9-a7c2-d170b40f318c;2024-06-08 06:25:17.660029;23767;Мытищи
428094577534861129404;c53108b5-6177-4e22-a111-278ed23dd42d;2023-11-11 09:44:53.378594;21255;Моздок
428094577534861129404;ffc5c838-1870-456d-affe-cf73f75be034;2024-09-16 19:26:58.571389;46116;Саров (Морд.)
428094577534861129404;7e503635-60ab-453e-926b-981dd22f309e;2024-01-20 07:54:07.675970;37469;Тверь
428094577534861129404;25e39198-ba3c-4ac1-bc1b-6d60246ae4e6;2024-07-20 06:16:18.484465;30451;Соликамск
428094577534861129404;b5cc3d69-f257-4182-b3be-e744e4198d67;2023-11-19 03:44:51.923684;35281;Верхний Уфалей
428094577534861129404;d83d2791-885c-4ca1-b61c-3973406a1f81;2024-10-20 12:34:00.677941;29875;Холмогоры
428094577534861129404;fffb5a18-e26e-4c31-8102-362c66f00bb7;2024-02-04 03:47:45.263105;31149;Кижи
938906642725436588674;06754beb-f9ff-46ac-b97a-9a6e889d18ea;2024-08-12 21:02:06.698618;16478;Оленек
938906642725436588674;483083fa-b83a-4627-90b9-1cd79428e4b5;2024-04-25 06:19:30.363832;47780;Амдерма
938906642725436588674;968d354b-d843-4dfb-8eca-a657c14e2c7e;2024-08-07 22:24:56.262535;18156;Тула
938906642725436588674;d1715c32-7fe6-4af5-88ef-d8b905ee0df5;2024-02-19 17:26:54.216486;21346;Хужир
938906642725436588674;9db742a0-7f75-42d5-921e-9e7f46ab9dd2;2024-06-12 06:10:11.501648;30924;Макушино
938906642725436588674;afa1eefc-bace-4194-bfc7-a830800ea161;2024-07-12 01:56:57.401263;48341;Углегорск
938906642725436588674;f465aa27-fb6d-479e-82c6-514ba9dca86d;2024-04-10 11:09:22.415472;48042;Саров (Морд.)
938906642725436588674;75460ae5-488e-4411-823e-f5e924f5f136;2023-11-04 23:49:48.971454;6925;Братск
938906642725436588674;0531eb99-7ba6-419d-a00c-85baff48fe6a;2023-12-18 22:46:58.547477;7185;Макушино
938906642725436588674;6348ed80-a9b1-4bc9-926b-8e2e2d1fb91b;2024-09-11 21:23:36.438899;17986;Неплюевка
123520296811130994724;35ccccfc-2606-4fe5-aacd-1eef96929bff;2024-04-06 16:25:16.372144;15450;Бавлы
123520296811130994724;7ad1b324-23f8-4a40-a17e-128af278e474;2024-08-11 14:52:38.052733;32532;Черский
123520296811130994724;aed2d346-553c-4598-919d-369adec703b4;2024-01-02 15:18:06.971546;40734;Лянтор
123520296871883982329;3b6c8f38-68ae-4c78-a198-c01ff4b729c1;2024-01-18 03:09:42.010448;43453;Ковров
123520296886651261918;48f54884-b900-43a2-b6a7-f477666efaaf;2024-04-14 16:50:30.640979;29785;Ирбит
123520296886651261918;5ad4f7e1-3bb6-4078-a0e0-36b7d53ca6fc;2024-03-23 19:37:30.488098;15145;Тында
123520296886651261918;71576029-2e01-499d-ba36-a298e95f23d0;2023-12-01 00:19:24.049989;26467;Кунгур
123520296886651261918;60a13039-c170-423f-a10a-3cb08c054b45;2024-05-16 03:59:17.629398;28401;Асино
123520296886651261918;7101d174-ec7f-43fa-90e5-39d1a554f717;2024-06-25 14:43:17.748599;14298;Борзя
123520296886651261918;d7761ab3-a13b-41f7-8bb6-ae190b176b3f;2024-05-24 13:23:44.671499;33521;Поронайск
123520296886651261918;42d10fad-4aad-4cb9-b7bc-d0fbbd005d8a;2024-01-04 03:47:09.405407;48874;Черемхово
123520296886651261918;a0bfbcf0-ba6a-420b-9ac8-313b905ee4a3;2024-04-20 09:48:20.389992;6914;Нефтеюганск
123520296886651261918;172e7a72-8a43-4f19-b0fe-4ce327447115;2023-12-09 20:53:27.726844;37091;Охотск
580681840120618186035;0dc308d5-9ab0-4cfa-977e-bb0e8902261f;2024-10-01 20:37:59.616784;29958;Моздок
580681840120618186035;a1d67d32-28fc-4388-8001-3bf93632b468;2024-02-28 04:51:33.584260;9977;Батайск
580681840120618186035;53707337-0489-4df7-877c-5efb240411fe;2024-02-05 15:35:21.276397;25726;Тикси
580681840120618186035;b8149207-2d96-4807-9a96-69afb3570ddc;2024-03-25 15:58:18.537818;28710;Мураши
502311850382591013387;bf27b909-ef27-4380-b10a-5a6a6c8a9bb1;2023-11-13 20:50:04.691192;44666;Ангарск
502311850382591013387;f94cb0ef-368c-4a7b-a450-103aebfb0217;2024-01-25 23:19:41.911534;305119;Уварово
502311850382591013387;b63f9724-18c3-445d-9fce-5d03ef2f6e60;2024-03-11 15:50:47.434367;25464;Балашиха
502311850328202831376;2f584c7d-47a2-4fca-b1b1-1d48ec48b2d4;2024-09-05 13:27:36.054919;35894;Лодейное Поле
502311850328202831376;1a9585ce-b1aa-465b-a934-5453bf39dd1e;2023-11-02 19:26:04.508841;49767;Сеймчан
502311850328202831376;6bcbb2b9-d7b9-4719-9503-a941099f226e;2023-12-04 15:41:28.062629;34614;Тимашевск
502311850328202831376;06ee81b7-5cad-4c33-9222-f33cf01333e9;2023-11-15 14:09:08.473829;33030;Амдерма
502311850328202831376;a3c71b79-5fca-42de-9b19-e3c6f658dedd;2024-08-13 09:22:49.104642;47466;Ивдель
502311850328202831376;c9e20133-a2e7-4210-a7be-5a9c220c6613;2024-03-29 12:01:34.884641;5035;Краснодар
502311850328202831376;9df95e91-0b86-4193-aef1-977fa1bc0f85;2024-09-21 09:35:56.058332;49724;Боровск
502311850328202831376;de9543b9-f490-4e2b-9bc8-e544110d6600;2024-05-04 11:10:11.702014;360757;Уссурийск
502311850328202831376;654d089f-18c2-4c14-bacd-41cb742bff99;2024-05-17 15:37:43.364693;22958;Владикавказ
528622864258410967212;c3eb9041-36da-425b-9065-778614ec4b53;2024-06-19 17:51:09.727865;12010;Устюжна
528622864258410967212;899871b9-91e3-42dc-84c1-3de01e575210;2024-09-12 04:33:01.051987;3007;Якутск
528622864258410967212;86e770cd-0510-42aa-8279-da47e0894584;2024-07-15 19:30:06.978960;37823;Сочи
528622864258410967212;100b40a6-72ce-4456-9821-8858dd91d262;2024-05-14 17:22:51.587861;4978;Элиста
528622864258410967212;9192ba9a-d629-49aa-bda9-00bf788e7166;2024-06-12 16:33:40.993448;22308;Тамбов
528622864258410967212;6cbd706e-2c63-4e20-9d9e-1b5ac75f46df;2023-11-14 08:49:29.909181;35918;Щелково
528622864258410967212;13ff8382-3771-4f7a-9e2d-99694ea799bb;2024-02-10 21:00:16.407414;39056;Дивногорск
528622864258410967212;60b6f0f8-1078-453b-ab26-e8f2e0ebc150;2023-12-18 01:10:43.297195;46070;Невьянск
528622864279781875032;7dc4b274-6743-433d-970a-0cef36c0b479;2024-10-19 19:32:37.813197;18311;Зеленогорск (Ленин.)
528622864279781875032;944b39a6-7a74-41c2-b7ca-96f8a46d2bc3;2024-09-07 20:33:28.893714;13232;Таганрог
528622864279781875032;a07bea40-1bad-4395-8b5c-b190e953272e;2024-09-01 11:08:01.259404;34269;Куртамыш
528622864279781875032;813ec332-70e5-447f-b6da-b7ac088784cb;2024-05-20 23:25:06.836431;5502;Кунгур
528622864279781875032;bd9d9b30-80b5-47a8-8122-4eabbb743adf;2024-03-05 14:56:25.187963;5134;Саров (Морд.)
528622864279781875032;bfc87e25-a2b6-425b-bf66-34115b4cfcba;2024-03-21 04:53:04.517353;34664;Гатчина
528622864279781875032;97013167-4944-41ba-b877-60caccbd28ae;2023-10-25 12:29:50.863408;414460;Инта
528622864279781875032;5dc4b6a1-5351-47a8-ba0f-67066daaf89d;2024-07-24 01:11:05.279196;33638;Усолье Сибирское
528622864279781875032;21778050-babe-4ec9-baee-0ea083735e96;2023-12-16 13:18:12.091274;36295;Нижневартовск
528622864232366244967;63d008b7-95c5-42be-8739-25474c20cf18;2024-09-21 07:47:36.986217;3387;Тында
528622864232366244967;cf7349dd-1619-4d73-8482-bd977a15eb62;2024-01-16 18:24:44.836567;18503;Алапаевск
528622864232366244967;76121dfc-9ce2-47ba-9199-4ae47b3e5fa8;2023-11-08 15:47:53.736124;1390;Жиганск
528622864232366244967;b3f7b920-d94e-48ae-89b8-8b9433f0e12d;2024-02-29 12:26:52.585928;27890;Радужный
528622864232366244967;92dfc4ad-f639-4ed7-8436-a1bc0306b8d7;2024-04-18 04:54:10.249598;28305;Ростов
500708289763394182250;e8eb35fc-7ccd-4ce7-8acb-f70e02c18508;2024-05-12 09:38:13.549855;12848;Зарайск
500708289763394182250;7be7c4fc-ea07-49c8-8229-ee92809ac215;2024-05-03 02:56:18.286712;3558;Калачинск
500708289763394182250;fbcb1ed0-5dc6-495c-91dd-1f16ebebe9b4;2024-06-23 21:17:33.116828;25792;Учалы
500708289718931921610;0dc12e12-2cf5-4602-be32-c7d2ef27ee5a;2024-08-11 10:23:27.540440;17643;Нефтеюганск
500708289718931921610;efe8f6dd-8480-4638-8ba0-cc3e7830117b;2024-07-20 02:53:52.041109;43989;Усть-Баргузин
500708289718931921610;3754e67d-2f4b-45ba-a140-2eaa64b25a89;2023-12-19 05:11:32.418431;28418;Избербаш
500708289718931921610;22b10757-ea37-4f2e-94b6-573f00c09057;2024-03-06 14:41:48.389138;9327;Нижневартовск
500708289718931921610;eddbf332-cbfb-4666-ae25-81687a9957b8;2023-12-19 03:05:49.754439;22439;Холмск
500708289718931921610;862e511e-7810-47eb-a2f0-8fc9652c2431;2023-12-16 15:26:01.754364;47086;Кемерово
500708289718931921610;9f08e400-1e81-44bc-bf57-67a641b72333;2023-12-30 18:47:02.149060;17145;Поярково
500708289718931921610;a19bd8b9-a07c-41aa-b4b8-69df6a3675c9;2023-12-13 16:37:56.830513;11309;Новомичуринск
500708289718931921610;c720cbff-460d-420b-bf4e-9b26e987a135;2024-01-01 13:56:47.581852;25631;Малгобек
500708289715726812502;165a3180-f63d-4eb0-8bbb-9618c72a894b;2023-10-28 19:58:47.205128;13966;Наро-Фоминск
500708289715726812502;3fdcdf2b-e8e8-45d7-8140-61aec7fa0cfd;2024-08-13 19:57:36.902326;37553;Лесной (Сверд.)
500708289715726812502;d9585292-0811-4c0b-b93b-b0821dc1667e;2024-10-14 20:35:00.385659;26368;Луга
500708289715726812502;0c38f9ff-7b19-4391-a0df-aca9cbc89a59;2024-10-12 04:44:30.641840;15731;Урай
500708289715726812502;32787c45-7834-477a-84c3-c93526f11223;2024-01-16 07:45:52.556618;15319;Красногорск (Моск.)
500708289715726812502;f776fe10-465d-4c40-9492-6a33c257745d;2024-05-12 16:54:15.090643;40174;Троицк (Челяб.)
500708289791427550398;0b85e781-835e-4241-b299-4962762d31de;2024-08-01 09:06:26.762315;13988;Тулпан
500708289791427550398;43e446ec-522e-41c5-b8d8-7acaf7db0b0b;2024-10-22 11:05:47.863077;48008;Сосногорск
500708289791427550398;52a6a80f-1813-4460-8e66-2138dd61bb09;2024-07-17 02:15:56.952640;20177;Верхоянск
500708289791427550398;e8e446f2-5ef9-42da-9be8-232cf0d4a691;2024-04-21 09:28:49.672974;2958;Химки
500708289791427550398;52ac6fe9-242f-46db-8a45-57cb2730cdc2;2024-08-25 22:00:09.643886;28353;Ямбург
447886252184941328871;8ed8afe3-50d1-42a6-8210-8449789d1e02;2024-02-05 19:52:54.109335;43065;Байкальск
447886252184941328871;09dd385c-4c03-4ea1-91ff-4eb9f69050db;2024-08-21 13:11:01.879421;6031;Мончегорск
447886252184941328871;b22fb66f-2242-4dec-b471-411cbc5cf587;2024-03-09 19:04:06.777919;10621;Александровск-Сахалинский
447886252184941328871;9edbc15b-9b31-4cb1-9425-7c6340858c7b;2024-07-09 14:32:35.514114;43273;Александров
447886252184941328871;708751b8-516e-4815-a2b2-d563baf2c889;2023-12-09 08:25:40.060963;45423;Кострома
447886252184941328871;41b78fa2-9d37-4447-bfb8-903eef199528;2024-10-06 04:33:36.442474;20534;Губкинский
447886252184941328871;70f7a9ed-d36b-4098-a83c-5196434922b0;2024-02-19 03:16:00.438246;8981;Усть-Катав
447886252157685525816;cb862771-aaed-4ebf-a99e-59a801acf4cd;2024-03-11 11:48:09.984929;146443;Кабанск
447886252157685525816;ca3a6eb6-2989-4a93-a861-a27c94e758b5;2024-02-03 09:10:38.226963;8393;Усмань
447886252157685525816;b06f0af4-24f6-4cdc-892d-de27e5af4140;2024-06-01 13:08:57.573200;44985;Камышлов
447886252157685525816;17d5bd1c-69b4-4ffc-9f21-bb5c501df0b7;2024-05-13 22:04:45.404037;21252;Углегорск
447886252157685525816;cab1aab5-79dc-49e2-82a7-aadfb105458d;2024-01-28 23:59:59.124146;30597;Мостовской
447886252157685525816;962416ad-0b6c-45d0-a16c-bcde4fbe8d86;2024-08-20 10:25:21.211556;47309;Карачаевск
447886252157685525816;945762c7-3e61-487a-b093-fc72b300d0d8;2023-11-23 10:36:30.261239;8991;Невинномысск
447886252181946027746;caf678e2-4e76-4483-bd2a-9cdef6eed45d;2024-09-11 13:15:46.452996;5039;Адыгейск
447886252172351907173;4d5e13f6-278f-4e31-b40a-d3698b164a46;2024-07-05 21:47:07.976496;43107;Александров Гай
683880914866137948162;fd387d81-d0d5-48b9-971a-f4b17f9e58bf;2024-06-09 13:11:14.266742;5072;Каменск-Шахтинский
683880914866137948162;fd624ae0-d856-42e1-a572-c678e40ec232;2024-04-17 11:30:07.389171;102707;Дагомыс
680558287824769700400;c9d8c663-ae81-497b-a997-2400a60b576b;2024-04-04 20:35:31.785442;45228;Хатанга
964310112813865765617;019a74f6-7cec-4a13-8d0f-67910c0ee4e3;2023-10-28 18:56:43.167064;25773;Россошь
964310112813865765617;7de25472-9035-43f8-9a41-18dc686e6e4a;2024-07-22 04:35:46.524858;21834;Жиганск
964310112813865765617;a3c3aadd-90f5-41ba-9e10-a6724976a8ca;2024-03-27 22:55:00.379345;29077;Томари
964310112813865765617;fd5b2848-ba10-49f2-9e8a-4c710c928df4;2024-09-09 05:25:31.438948;1672;Шали
964310112813865765617;657aa9be-ebcf-46d1-8341-91cf1301177b;2024-05-05 06:32:54.876101;43383;Рыльск
964310112813865765617;6306bf2f-0360-4e00-9490-904bfc9d41d9;2024-01-13 11:49:24.655129;24624;Приозерск
964310112813865765617;8f87f329-fc52-4ee9-9a13-7bbca7aa6575;2024-09-30 12:42:04.011482;14841;Тавда
964310112813865765617;9f01f774-a8f3-46f5-872f-e9483235eac6;2024-08-20 21:27:27.017429;44013;Адлер
964310112835341730020;7c00cafc-92a3-4b5d-a9a5-ebf2354c3d99;2024-06-16 19:37:07.153577;20911;Каспийск
964310112835341730020;d77d75c9-6942-472b-b12a-749ca96b847b;2024-08-12 12:42:35.801406;416000;Игнашино
964310112835341730020;b3a1049e-55a6-4b0c-945f-21d0e42c8d76;2024-05-06 17:48:13.271654;47702;Сарапул
964310112835341730020;66f4b8e8-8ead-452b-b9d4-bc9dc0213c0f;2024-10-11 05:16:30.030272;25979;Ростов-на-Дону
964310112835341730020;c927783b-176d-4fb6-8865-e577d9af21d8;2024-09-15 17:00:42.287606;23559;Внуково (метеост.)
964310112858661081859;37ef87dc-c4ba-4ab3-97dc-81d1a4255571;2024-09-17 21:29:10.147548;43882;Батайск
964310112858661081859;f7ce45dc-a5cd-48e8-bfeb-2e95030c30cc;2024-09-20 12:45:32.589213;1707;Орехово-Зуево
964310112858661081859;431c8780-2a47-4043-b548-2db8067d029d;2024-07-31 22:07:47.173205;24055;Объячево
964310112858661081859;174e7930-092c-4821-bb85-5139584e07f3;2024-02-01 11:57:03.524327;26937;Нарым
481990040250169797822;2b504e79-192c-4396-8182-44c3948ef4dc;2024-06-04 18:08:40.030879;29296;Туапсе
481990040250169797822;938e83a2-21f8-4e8c-8300-991711af3666;2023-12-26 22:30:20.336091;22630;Орел
481990040250169797822;374e72e4-c597-43a3-a265-e3efefe03393;2024-07-16 01:27:32.837899;38752;Боровск
481990040250169797822;9f9c7888-2e04-48a7-b890-5c5ec2c7e6bf;2023-12-04 17:58:10.070827;25197;Кизел
481990040250169797822;dad994e4-56db-4299-811c-06822a8ed299;2023-12-08 23:14:02.678992;5857;Троицк (Моск.)
481990040250169797822;b92907cc-fc2a-4b54-addf-da1a955ba372;2024-01-27 06:52:25.433466;24554;Кяхта
481990040250169797822;9467ab2c-c1e6-41bb-90a3-37ab7632d0ac;2024-08-12 02:19:16.405144;24690;Соболево
481990040262830344880;2d6061ed-7b05-4e31-bf75-a97b608b0258;2024-03-10 23:09:58.552767;36952;Выборг
481990040262830344880;69175e65-5c01-454e-a5fb-04e458f17961;2024-02-14 06:55:22.861554;5145;Сладково
481990040262830344880;9114f9aa-5c1e-4f2a-be52-cd0a4f676f8f;2024-10-18 17:03:09.787703;33474;Ступино
481990040262830344880;35f19819-5dce-43f4-832d-ca55cfd8f84a;2024-08-06 14:16:19.419260;10255;Волхов
481990040262830344880;e7f08c95-c318-4541-93d7-279dcf3de57e;2024-08-24 12:40:00.982432;25085;Анива
481990040262830344880;395232aa-2e0f-4e6c-9c04-0a3314fbc87d;2024-05-24 08:20:41.780386;40180;Усть-Джегута
481990040262830344880;9eb1871e-522e-460c-a297-31c80da58b10;2024-04-28 09:57:58.067950;41555;Славянск-на-Кубани
481990040262830344880;c0a2eed2-c1e7-43cf-a6e2-d6f931dc4ec1;2024-09-24 16:33:43.699887;12606;Дербент
481990040262830344880;48559849-7d53-41f2-a63a-275a264aa4f9;2024-06-28 06:42:45.641296;40079;Геленджик
481990040262830344880;9f2968d4-8ff1-4289-8a84-df2431dbd97c;2024-01-21 03:28:55.766597;20635;Усть-Ордынский
